Employee_id,First_Name,Last_Name,Age,Gender,Date_of_Birth,Date_Joined,Date_Resigned,Department,Salary,Performance_level
1,Cynthia,Gomez,48,Female,1976-05-10,2021-12-15,2026-02-05,Operations,184016,Below
2,Ryan,Blair,32,Male,1992-02-07,2019-07-14,2028-06-06,Sales,101159,Exceeds
3,John,Russo,69,Female,1955-09-12,2023-02-11,2027-09-06,Marketing,52625,Outstanding
4,Donald,Salinas,52,Female,1972-12-12,2023-10-30,2026-02-10,Sales,90758,Meets
5,James,Lee,70,Female,1954-08-08,2022-12-21,2025-01-08,IT,193481,Meets
6,Anna,Frost,56,Female,1968-03-24,2022-01-13,2028-04-05,Marketing,132763,Meets
7,Theresa,Morgan,46,Male,1967-02-18,2017-02-18,2028-11-12,Sales,3449,Exceeds
8,Shawn,Johnston,41,Female,1983-09-25,2021-07-12,2027-04-02,Operations,81011,Needs Improvement
9,Connie,Smith,36,Male,1988-12-29,2022-08-11,2025-02-02,IT,8662,Needs Improvement
10,Ashley,Smith,53,Female,1971-11-20,2021-09-02,2027-05-10,Operations,69801,Meets
11,Alexis,Hall,28,Male,1996-04-09,2023-03-08,2028-06-01,Finance,87570,Below
12,Shannon,Meyer,46,Female,1978-06-10,2020-03-09,2028-02-05,Sales,34677,Below
13,Amber,Wood,30,Female,1994-04-25,2020-11-06,2027-03-07,Engineering,97891,Needs Improvement
14,Cheyenne,Taylor,49,Male,1975-01-25,2022-03-22,2027-02-07,Customer Service,45799,Below
15,Jordan,Kramer,53,Male,1971-06-14,2021-07-03,2027-01-10,Sales,95163,Meets
16,Connie,Giles,45,Female,1979-02-06,2022-12-16,2026-12-09,Operations,102793,Below
17,Rachel,Davies,20,Male,2004-08-06,2021-10-15,2025-01-01,IT,51187,Needs Improvement
18,Jacob,Terri,49,Male,1975-06-23,2020-05-14,2027-02-11,Finance,159160,Exceeds
19,Michael,Garcia,28,Male,1996-07-14,2023-03-02,2028-01-08,Finance,153802,Meets
20,Jamie,Sims,65,Male,1959-01-27,2022-03-02,2026-12-07,Marketing,79379,Meets
21,Michael,King,32,Male,1992-05-17,2023-07-25,2027-03-03,IT,103370,Below
22,Lauren,Sheppard,23,Male,1922-10-16,2020-08-19,2027-11-06,IT,103820,Meets
23,Brooke,Foster,40,Male,1984-11-16,2021-03-30,2028-01-06,Customer Service,95097,Needs Improvement
24,Stephen,Oliver,62,Male,1962-06-02,2020-05-14,2026-03-01,Engineering,34105,Exceeds
25,Karina,Kim,44,Female,1980-06-12,2022-12-10,2025-08-05,IT,35069,Meets
26,Stephanie,Martinez,24,Female,2000-04-08,2022-02-13,2028-07-07,Marketing,141568,Needs Improvement
27,Julie,Henderson,69,Male,1955-08-28,2020-04-30,2027-07-04,IT,194702,Exceeds
28,Matthew,Jones,65,Male,1959-06-05,2023-11-16,2026-03-09,Customer Service,153935,Exceeds
29,Katie,Jones,33,Female,1991-03-01,2023-08-08,2026-02-01,Finance,153950,Exceeds
30,King,Smith,22,Female,2002-09-18,2020-11-19,2028-10-10,Engineering,54866,Exceeds
31,Joshua,Taylor,32,Male,1992-11-29,2020-08-21,2027-02-02,Operations,146611,Needs Improvement
32,Leah,Timothy,58,Female,1966-07-27,2023-05-16,2026-12-08,Operations,144333,Meets
33,Ashley,Brock,22,Male,2002-04-12,2020-09-23,2026-03-08,Engineering,62101,Exceeds
34,Michael,Lopez,41,Male,1983-08-24,2020-04-24,2026-03-07,Marketing,166910,Outstanding
35,Edward,Dunn,63,Male,1961-04-28,2021-02-16,2025-05-12,Operations,112906,Outstanding
36,Jodi,Lamb,57,Female,1967-12-27,2023-01-20,2026-04-07,Customer Service,78523,Meets
37,Robert,Mcdonald,22,Male,2002-09-08,2023-10-26,2028-03-02,Finance,10296,Below
38,Jeffrey,Kim,45,Female,1979-07-31,2022-10-01,2028-03-03,Engineering,129361,Exceeds
39,Stephanie,Francis,27,Male,1997-02-24,2022-09-17,2025-01-01,Finance,177965,Exceeds
40,Alexis,Parker,57,Female,1967-07-22,2021-04-23,2025-07-04,Marketing,127234,Meets
41,Wells ,Ross,52,Male,1972-05-31,2023-08-25,2025-01-01,Operations,194386,Meets
42,Michele,Mills,30,Male,1994-07-28,2021-10-31,2028-08-05,Finance,189561,Outstanding
43,Anna,Smith,32,Female,1992-09-02,2021-11-23,2028-02-04,IT,96436,Meets
44,Curtis,Bell,20,Male,2004-08-20,2020-09-02,2026-04-01,Sales,191826,Below
45,Jeffrey,Mccoy,42,Female,1982-10-09,2019-05-15,2026-01-03,Customer Service,121092,Exceeds
46,Courtney,Johnston,58,Female,1966-09-02,2020-09-27,2025-04-06,Finance,4117,Needs Improvement
47,Sara,Mendez,25,Female,1999-11-10,2023-10-22,2025-02-07,HR,7780,Outstanding
48,Mercedes,Henry,46,Female,1978-06-01,2021-08-18,2026-09-05,Marketing,183038,Meets
49,Diane,Chandler,24,Male,2000-02-18,2021-07-19,2028-03-12,Customer Service,50006,Outstanding
50,Megan,Peters,34,Male,1990-05-10,2021-02-05,2025-01-05,Operations,199538,Exceeds
51,Cory,Tucker,55,Male,1969-05-30,2021-11-25,2028-07-06,HR,88393,Outstanding
52,Brian,Olson,18,Female,2006-04-13,2020-05-15,2025-05-03,Sales,96461,Below
53,Jackie,Peterson,40,Male,2023-04-26,2022-08-05,2027-04-12,HR,103223,Outstanding
54,David,Fitzpatrick,65,Female,1959-11-16,2021-11-08,2025-09-04,Marketing,182878,Below
55,Brandon,Macdonald,43,Male,1981-10-31,2023-06-19,2026-07-01,Operations,176106,Needs Improvement
56,Joseph,Thompson,47,Female,1977-06-14,2023-02-08,2025-07-11,Sales,149314,Outstanding
57,Victoria,Matthew,39,Female,1985-03-06,2020-06-22,2028-01-04,Operations,51645,Meets
58,James,Martinez,41,Male,1983-10-23,2023-08-29,2027-01-04,Finance,128529,Below
59,Andrew,Gonzalez,25,Female,1999-08-23,2023-03-30,2028-04-03,Marketing,43072,Meets
60,Leon,Horton,22,Female,2002-11-05,2020-07-17,2025-11-05,IT,100105,Meets
61,Jesus,Wood,36,Male,1988-02-28,2021-01-06,2025-03-11,IT,86347,Exceeds
62,Wendy,Ramirez,21,Male,2003-04-18,2020-11-15,2025-12-02,Sales,15392,Exceeds
63,Nicholas,Tucker,25,Female,1999-03-15,2023-05-08,2026-11-10,HR,158867,Outstanding
64,Wayne,Carter,50,Male,1974-10-11,2023-05-17,2027-05-03,Sales,11208,Outstanding
65,Allen,Lowe,24,Female,2000-02-15,2022-05-10,2025-03-12,Sales,154959,Meets
66,Susan,Yates,44,Male,1980-07-08,2022-09-28,2025-01-01,Customer Service,185711,Outstanding
67,Laura,Anderson,59,Female,1965-01-26,2024-12-30,2027-02-03,Customer Service,153211,Needs Improvement
68,Lauren,Morse,60,Female,1964-08-10,2021-04-03,2028-02-03,IT,76549,Needs Improvement
69,Jennifer,Monroe,62,Female,1962-01-18,2022-05-26,2026-02-04,HR,142506,Below
70,Smith,Wall,58,Female,1966-04-27,2022-09-18,2025-04-11,HR,45759,Needs Improvement
71,Scott,Dixon,32,Male,1992-01-27,2022-03-29,2025-02-12,Marketing,163754,Below
72,Jacob,Smith,60,Female,1964-12-06,2020-02-29,2027-02-07,IT,113284,Meets
73,Holly,Dillon,33,Male,1991-04-23,2021-05-06,2028-05-08,Customer Service,76383,Below
74,Nicole,Fields,31,Male,1993-05-18,2020-05-21,2028-11-04,Operations,168383,Outstanding
75,Walker,Moore,60,Female,1964-11-19,2017-12-25,2028-10-10,Operations,85231,Meets
76,Emily,Rogers,26,Female,1998-01-29,2022-06-29,2028-10-01,Finance,158291,Meets
77,Omar,Hill,36,Female,1988-07-19,2022-08-14,2026-01-05,HR,93720,Exceeds
78,Chloe,Campbell,23,Male,2001-01-24,2022-05-20,2026-10-01,Engineering,97394,Outstanding
79,Brian,Flores,68,Female,1956-03-12,2022-12-28,2028-02-01,Marketing,15598,Needs Improvement
80,Sarah,Myers,58,Female,1966-05-05,2022-01-27,2026-08-08,Customer Service,107390,Needs Improvement
81,William,Faulkner,42,Female,1982-09-03,2020-02-27,2027-02-02,Operations,196950,Exceeds
82,Glenn,Farrell,55,Female,1969-03-05,2022-03-30,2026-02-02,IT,70469,Below
83,Amy,Bailey,62,Female,1962-03-13,2022-07-10,2026-05-02,IT,117694,Below
84,Brenda,Owen,47,Female,1977-02-27,2022-02-03,2027-09-12,Operations,93996,Below
85,Paige,Bradford,54,Male,1970-01-11,2021-02-10,2028-05-09,HR,42235,Needs Improvement
86,Kirk,Duncan,36,Female,1988-06-16,2020-04-04,2027-02-09,Marketing,96580,Below
87,Jordan,Mejia,42,Female,1982-07-07,2021-01-09,2025-01-04,Sales,57559,Meets
88,Jonathan,Patel,69,Male,1955-06-07,2018-03-23,2028-09-10,IT,188021,Exceeds
89,Beverly,Hall,19,Male,2005-08-18,2017-03-28,2025-01-03,IT,125303,Needs Improvement
90,Joel,Martin,64,Male,1960-09-23,2021-04-12,2026-08-12,HR,189355,Below
91,Vincent,Buckley,55,Female,1969-06-26,2020-06-06,2026-08-11,HR,33454,Meets
92,Harris ,Ray,34,Female,1990-02-12,2023-06-02,2027-09-05,Finance,134956,Exceeds
93,Patricia,Hansen,50,Male,1974-08-24,2019-08-09,2026-06-21,Engineering,146587,Outstanding
94,Daniel,Miller,46,Male,1978-05-27,2021-01-05,2027-09-09,Sales,85489,Below
95,Brenda,Carroll,37,Male,1987-04-11,2023-09-05,2026-02-02,Marketing,133977,Meets
96,Katie,Luna,60,Male,1964-06-09,2022-08-02,2027-02-01,HR,59966,Outstanding
97,Joshua,Powell,26,Female,1998-03-30,2022-02-07,2026-02-11,Engineering,164157,Outstanding
98,Priscilla,Simmons,32,Male,1992-04-07,2020-07-04,2026-02-08,HR,100023,Exceeds
99,Elizabeth,Peters,32,Female,1992-12-29,2020-09-02,2027-10-07,Sales,78168,Outstanding
100,Courtney,Robert,36,Female,1988-01-29,2020-09-05,2026-02-07,Engineering,173198,Meets
101,Tyler,Eaton,62,Female,1962-04-18,2021-09-02,2027-08-06,Marketing,193607,Meets
102,Edward,Lee,37,Female,1987-12-19,2020-06-03,2027-01-02,IT,159161,Outstanding
103,David,Rodriguez,63,Female,1961-01-20,2022-06-12,2027-02-02,Operations,173347,Outstanding
104,Joshua,Hughes,32,Female,1992-05-28,2022-03-12,2025-02-07,Engineering,83868,Below
105,Samantha,Austin,35,Female,1989-11-23,2023-06-08,2025-05-10,Sales,34503,Outstanding
106,Robert,Jones,38,Male,1986-11-15,2017-01-10,2025-03-06,Finance,32505,Below
107,Andrew,Brewer,19,Female,2005-02-24,2023-02-08,2027-03-08,Sales,145604,Below
108,Eric,Ramos,48,Male,1976-04-22,2023-01-06,2027-03-03,HR,13391,Outstanding
109,Alexandra,Everett,68,Female,1956-09-12,2023-08-12,2026-02-09,HR,119092,Below
110,Alisha,Meyer,67,Male,1957-01-01,2023-05-02,2027-02-04,Customer Service,136737,Needs Improvement
111,Jessica,William,35,Male,1989-12-03,2021-03-05,2027-07-01,HR,132756,Below
112,Derek,Phillips,65,Male,1959-09-16,2023-01-12,2027-12-04,IT,82343,Meets
113,William,Greene,22,Male,2002-12-15,2023-03-05,2025-07-06,HR,172333,Needs Improvement
114,Crystal,Garner,45,Female,1979-08-07,2023-02-10,2028-08-03,Engineering,142775,Needs Improvement
115,Benjamin,Hull,55,Female,1969-08-22,2018-03-05,2028-10-01,Engineering,50342,Below
116,Matthew,Mclaughlin,22,Female,2002-09-17,2022-01-05,2027-05-10,Engineering,15391,Meets
117,Kimberly,George,36,Female,1988-02-29,2020-02-07,2027-09-08,Marketing,4115,Exceeds
118,Jenna,Goodman,24,Male,2000-10-21,2021-02-05,2027-05-04,Engineering,139673,Exceeds
119,Cooke,Navarro,65,Male,1959-11-04,2020-03-09,2027-01-12,Engineering,191211,Below
120,Julie,Garcia,66,Male,1958-06-03,2019-01-08,2028-06-06,Engineering,30497,Outstanding
121,Angela,Franklin,63,Female,1961-01-03,2020-02-10,2026-12-12,HR,55162,Meets
122,Dennis,Bates,39,Male,1987-01-26,2020-06-12,2027-06-08,Customer Service,55530,Meets
123,Cheryl,Snyder,37,Male,1987-03-22,2022-07-07,2027-04-01,HR,106163,Meets
124,John,Le,25,Male,1999-03-21,2022-08-12,2027-07-03,Customer Service,134082,Outstanding
125,Lori,Payne,43,Male,1981-01-19,2023-01-11,2026-10-04,Customer Service,181284,Meets
126,Robert,Hill,39,Male,1985-10-21,2023-04-04,2027-01-10,Engineering,35391,Needs Improvement
127,Joseph,Gray,44,Male,1980-01-13,2022-11-08,2027-01-10,HR,15797,Needs Improvement
128,Christopher,Rodriguez,57,Female,1967-01-01,2022-06-08,2025-02-08,Sales,146998,Exceeds
129,Jonathan,Marsh,25,Male,1999-02-09,2017-06-06,2027-08-25,Customer Service,110640,Needs Improvement
130,Cory,Parker,34,Male,1990-10-16,2020-04-08,2027-02-01,Sales,5294,Below
131,Lauren,Smith,43,Male,1981-10-20,2022-08-12,2027-04-07,IT,101301,Outstanding
132,Anthony,Harris,31,Female,1993-12-18,2022-05-01,2025-09-09,Sales,4859,Outstanding
133,Veronica,Hernandez,64,Male,1960-01-07,2020-03-10,2025-01-18,Customer Service,145949,Below
134,Thomas,Woods,42,Male,1982-03-31,2023-02-11,2027-09-06,Sales,168216,Meets
135,Jermaine,Armstrong,22,Male,2002-12-05,2021-02-11,2028-02-06,Sales,118315,Outstanding
136,Clifford,Salas,59,Male,1965-04-03,2019-02-03,2027-09-11,Marketing,56726,Needs Improvement
137,Heather,Simpson,28,Male,1996-03-25,2023-06-09,2025-01-12,IT,163734,Below
138,Tyler,Torres,35,Male,1989-05-04,2018-03-11,2027-10-10,Engineering,135671,Needs Improvement
139,Kyle,Schwartz,43,Female,1962-06-23,2020-09-03,2027-05-08,HR,96679,Meets
140,Jamie,Lopez,62,Male,1962-01-29,2022-04-11,2027-06-01,Customer Service,161070,Below
141,Jennifer,Thomas,59,Male,1965-08-30,2023-06-09,2027-09-08,Customer Service,140378,Exceeds
142,Madison,Bowman,27,Female,1997-06-25,2021-09-12,2027-03-04,Engineering,171091,Exceeds
143,Cameron,Lang,69,Female,1955-03-16,2022-03-07,2025-02-10,Engineering,122905,Needs Improvement
144,Samuel,Lawson,31,Male,1993-11-25,2021-04-09,2027-02-12,IT,33945,Below
145,Pamela,Cox,35,Female,1989-07-19,2020-02-12,2027-02-06,Customer Service,141088,Meets
146,Burke,Harris,54,Male,1970-06-11,2023-03-10,2027-01-09,IT,50968,Needs Improvement
147,Lynn,Juan,63,Male,1961-05-23,2020-01-07,2027-11-08,Sales,120451,Meets
148,Laura,Ray,24,Male,2000-12-19,2023-02-03,2025-10-06,HR,146611,Exceeds
149,Bonnie,Cox,36,Female,1988-11-28,2022-01-04,2025-05-08,Finance,59497,Outstanding
150,Shannon,Fleming,53,Male,1971-01-27,2020-05-07,2027-05-10,Customer Service,116602,Needs Improvement
151,Kimberly,Miller,67,Male,1957-09-28,2022-05-02,2025-05-04,Customer Service,3106,Exceeds
152,Victoria,Clark,55,Male,1969-12-12,2021-01-02,2025-06-09,Finance,171935,Below
153,Laura,Rodriguez,65,Male,1959-12-11,2020-02-04,2026-01-09,IT,44009,Exceeds
154,Charles,Mclaughlin,20,Male,2004-04-10,2018-07-02,2027-08-12,Engineering,154149,Meets
155,Gabrielle,Velazquez,35,Male,1989-05-04,2021-12-04,2027-06-12,HR,4168,Needs Improvement
156,Herbert,Carey,61,Female,1963-06-27,2020-09-10,2025-02-01,Sales,112275,Exceeds
157,Eric,Garcia,48,Female,1976-03-01,2022-02-20,2025-01-12,Sales,127486,Exceeds
158,Henry,Abbott,26,Female,1998-08-23,2021-02-12,2027-04-07,Engineering,8973,Exceeds
159,Jessica,Davis,21,Female,2003-07-02,2020-02-01,2027-09-01,IT,82126,Needs Improvement
160,Jenkins,Ward,55,Male,1969-07-28,2023-06-09,2027-02-01,Finance,150315,Exceeds
161,Amy,Butler,25,Male,1999-03-04,2020-08-07,2026-02-10,IT,179160,Needs Improvement
162,Linda,Allen,66,Male,1958-03-07,2022-03-08,2025-02-09,IT,189649,Below
163,Benjamin,Miller,49,Female,1975-06-23,2020-05-04,2026-11-12,Sales,53455,Outstanding
164,Daniel,Nguyen,48,Female,1976-06-18,2021-09-05,2025-01-05,Finance,11340,Needs Improvement
165,William,Ruiz,69,Female,1955-10-15,2020-09-02,2027-06-08,Operations,111282,Below
166,Lori,Esparza,20,Female,2004-12-04,2020-02-06,2026-02-01,Sales,71233,Meets
167,Joseph,Dyer,44,Female,1980-02-03,2021-03-08,2027-06-08,Sales,141353,Meets
168,Helen,Randall,70,Male,1954-10-31,2022-07-09,2027-03-07,HR,181353,Meets
169,Taylor ,White,70,Male,1954-02-26,2020-03-09,2025-02-10,IT,158441,Below
170,Jennifer,Knight,28,Female,1996-03-24,2020-08-07,2026-01-09,Finance,179272,Outstanding
171,Deborah,Saunders,53,Male,1971-09-17,2022-03-03,2025-08-09,Customer Service,78888,Below
172,Jones,Lopez,52,Male,1972-01-11,2022-05-10,2025-12-02,Sales,75750,Meets
173,Nina,Brown,36,Female,1988-03-07,2021-08-09,2027-01-11,Sales,62935,Exceeds
174,James,Johnson,21,Female,2003-05-14,2020-06-07,2025-05-07,HR,98545,Outstanding
175,Teresa,Lin,19,Male,2005-06-03,2022-04-11,2026-07-05,HR,141226,Exceeds
176,Powell,Little,23,Male,2001-01-21,2022-06-01,2028-02-12,HR,123133,Needs Improvement
177,Andrew,Barker,53,Male,1971-09-27,2021-12-01,2028-07-08,Operations,87399,Outstanding
178,Margaret,Wang,39,Female,1985-07-28,2023-02-12,2028-07-06,Engineering,57686,Below
179,Cody,Kirk,29,Male,1995-01-24,2020-07-10,2025-05-06,Marketing,125492,Meets
180,Alexander,Morse,55,Male,1969-02-11,2022-01-11,2025-01-11,HR,179193,Outstanding
181,Tammy,Smith,61,Male,2004-11-14,2021-09-04,2027-06-04,Customer Service,83996,Exceeds
182,Marissa,Lisa,64,Male,1960-09-18,2020-09-04,2027-03-11,HR,13166,Exceeds
183,Jessica,Hancock,43,Male,1981-04-18,2020-07-02,2026-10-22,Finance,36556,Meets
184,Ashley,Gill,51,Male,1973-05-31,2018-02-03,2025-06-04,Marketing,184865,Meets
185,Sarah,Harris,48,Female,1976-05-05,2022-03-07,2028-02-02,Operations,147954,Needs Improvement
186,Lindsey,Gonzalez,52,Female,1972-12-22,2023-08-04,2028-08-10,Engineering,139968,Exceeds
187,Lindsey,Hogan,51,Female,1973-04-03,2020-08-08,2027-02-03,Marketing,156269,Needs Improvement
188,David,Heather,69,Female,1955-08-18,2020-10-01,2027-02-07,Marketing,136804,Exceeds
189,Kelsey,Cobb,34,Female,1990-02-28,2023-03-09,2027-03-02,Customer Service,82484,Needs Improvement
190,Megan,Dodson,56,Male,1968-06-25,2021-01-04,2028-01-07,Marketing,41984,Outstanding
191,Pamela,Harper,60,Female,1964-09-11,2022-06-06,2025-03-01,Sales,181929,Exceeds
192,Andrea,Crosby,20,Male,2004-10-03,2020-01-05,2028-01-02,Engineering,156112,Needs Improvement
193,Dennis,Wagner,28,Male,1996-02-25,2021-12-06,2028-09-06,IT,4133,Needs Improvement
194,Shawn,Warren,56,Female,1968-01-26,2022-08-07,2027-12-02,Operations,139051,Needs Improvement
195,David,Bates,40,Male,1984-10-21,2022-06-03,2026-02-02,IT,47696,Needs Improvement
196,Barry,Cardenas,32,Female,1992-12-23,2020-03-07,2026-02-08,Finance,73114,Outstanding
197,Katherine,Carter,22,Female,2002-10-09,2020-09-07,2027-05-08,Operations,110615,Meets
198,Anthony,Terrell,61,Male,1963-07-22,2018-01-19,2025-07-08,Operations,71851,Below
199,Suarez,Copeland,22,Male,2002-10-20,2023-10-04,2025-11-10,HR,63846,Meets
200,Julia,Watson,45,Female,1979-04-30,2020-06-02,2025-01-04,IT,131988,Exceeds
201,Michael,Lewis,27,Male,1997-12-07,2018-02-12,2025-05-10,Engineering,181717,Needs Improvement
202,Patrick,Lopez,43,Male,1981-11-20,2023-04-10,2027-03-12,Customer Service,162142,Needs Improvement
203,John,Hernandez,33,Male,1991-12-24,2020-02-02,2027-01-04,Engineering,48371,Exceeds
204,Cody,Rodgers,40,Male,1984-04-26,2022-03-10,2025-11-12,HR,89312,Outstanding
205,Gregory,Bryant,24,Female,2000-05-10,2022-10-07,2028-04-09,Operations,162350,Exceeds
206,Jacob,Martin,25,Male,1999-06-19,2023-02-05,2025-01-05,Operations,150988,Exceeds
207,Brandon,Peck,63,Male,1961-02-19,2020-02-12,2026-11-05,HR,59704,Needs Improvement
208,Derek,Simon,42,Male,1982-09-14,2021-02-01,2027-05-07,Customer Service,36609,Exceeds
209,Matthew,Griffin,47,Female,1977-08-19,2023-01-07,2025-08-03,IT,32840,Outstanding
210,Shannon,Anderson,45,Female,1979-07-19,2022-01-05,2025-01-11,Customer Service,89472,Needs Improvement
211,Whitney,Galloway,26,Female,1998-08-20,2022-06-08,2027-01-05,Engineering,137404,Meets
212,Stephen,Adams,59,Male,1931-02-09,2023-01-11,2025-08-06,Finance,101022,Needs Improvement
213,Stacey,Miller,34,Male,1990-06-16,2022-07-10,2027-02-10,IT,126186,Needs Improvement
214,Alexander,Morris,39,Female,1985-04-06,2023-03-03,2025-02-02,IT,146084,Meets
215,Doris,Wong,58,Male,1966-03-18,2020-05-05,2025-08-04,Marketing,182491,Exceeds
216,Ryan,Ramsey,21,Male,2003-04-30,2020-03-05,2027-12-04,IT,122498,Outstanding
217,Reid,Hill,51,Female,1973-06-05,2021-03-03,2027-05-07,HR,152605,Outstanding
218,Shane,Christian,31,Female,1993-09-30,2020-02-10,2025-02-10,Customer Service,179867,Meets
219,Melissa,Benson,27,Male,1997-10-28,2023-09-02,2025-11-04,Operations,100987,Outstanding
220,Christine,Hudson,36,Female,1988-05-23,2021-06-08,2028-02-04,Customer Service,71027,Outstanding
221,William,Clark,30,Male,1994-04-08,2021-04-09,2028-01-03,Engineering,146064,Below
222,Richard,Houston,45,Female,1979-01-12,2023-09-11,2028-01-12,IT,165414,Meets
223,Bianca,Brown,31,Female,1993-04-16,2020-02-07,2027-01-02,Sales,85255,Needs Improvement
224,Laura,Young,26,Male,1999-07-29,2019-05-08,2026-11-17,HR,134045,Needs Improvement
225,Jennifer,Williams,43,Male,1981-04-10,2022-05-12,2027-07-09,Customer Service,106631,Below
226,Wise,Brown,70,Female,1954-03-14,2020-03-12,2027-05-09,HR,134208,Outstanding
227,William,Houston,42,Male,1982-03-09,2020-02-12,2028-06-10,Marketing,199930,Below
228,Brian,Banks,44,Male,1980-09-07,2020-03-03,2027-02-09,Marketing,158903,Below
229,Fuentes,Adams,45,Female,1979-06-28,2022-01-07,2028-06-02,HR,162844,Meets
230,Christian,Payne,65,Male,1959-11-02,2018-09-03,2025-05-10,Customer Service,56853,Outstanding
231,Joseph,Harris,26,Male,1998-06-05,2017-08-04,2028-03-18,Sales,172797,Exceeds
232,Dean,Howard,53,Female,1971-05-29,2020-05-02,2027-01-01,Operations,161339,Exceeds
233,Judith,Mcintyre,44,Male,1980-09-26,2023-05-02,2025-01-01,IT,71819,Needs Improvement
234,Jerry,Gillespie,26,Male,1998-04-26,2021-09-06,2027-04-04,HR,112957,Below
235,Mitchell,Patel,62,Male,1972-10-21,2022-01-07,2028-09-04,Marketing,88281,Outstanding
236,Sarah,West,30,Female,1994-08-07,2023-06-09,2028-06-04,IT,38481,Below
237,Daniel,Coleman,40,Male,1984-01-16,2021-05-02,2025-08-07,Customer Service,81405,Below
238,Veronica,Howard,22,Female,2002-11-02,2022-03-01,2027-09-05,Finance,123158,Exceeds
239,Morgan,Fuentes,50,Male,1974-11-05,2023-09-03,2028-06-28,Marketing,195418,Below
240,William,Fernandez,64,Female,1960-08-17,2022-09-04,2028-07-12,Customer Service,34215,Needs Improvement
241,Brandon,Anderson,41,Male,1983-01-01,2021-02-11,2028-10-04,Engineering,100140,Below
242,Caleb,Miller,66,Male,1958-06-05,2023-08-02,2028-03-04,Operations,51758,Below
243,Leonard,Frank,35,Male,1989-01-13,2021-01-06,2027-06-10,Marketing,84736,Outstanding
244,Jason,Ramos,57,Male,1967-06-22,2023-02-10,2026-05-12,Engineering,131776,Below
245,Christopher,Rose,67,Female,1957-09-03,2021-02-05,2025-08-01,IT,140037,Outstanding
246,Matthew,Horton,64,Female,1960-12-31,2021-03-09,2028-04-11,Sales,139707,Meets
247,David,Smith,51,Female,1973-08-12,2019-03-05,2025-04-29,Marketing,166968,Meets
248,Douglas,Carson,23,Female,2001-01-28,2020-01-04,2027-10-07,Finance,106492,Meets
249,Travis,Yates,63,Male,1961-10-29,2021-01-11,2025-12-06,Customer Service,76625,Below
250,Caleb,Thompson,35,Male,1989-09-26,2021-01-03,2028-02-12,Sales,120416,Outstanding
251,Eugene,Acosta,34,Male,1990-09-20,2022-03-11,2028-02-08,Engineering,141971,Exceeds
252,Brandon,Dorsey,40,Female,1984-06-17,2020-07-04,2026-09-07,Marketing,149728,Below
253,Courtney,Clark,69,Female,1955-12-18,2021-08-06,2028-09-02,HR,52518,Outstanding
254,Jesse,Torres,35,Male,1989-11-28,2020-02-02,2027-03-07,Sales,120691,Below
255,Christie,Jackson,26,Female,1998-02-12,2020-02-05,2027-02-07,Engineering,191062,Outstanding
256,Miguel,Laura,23,Male,2001-12-13,2018-09-06,2025-08-13,HR,186910,Exceeds
257,Samantha,Luna,47,Male,1977-06-04,2022-03-04,2027-02-11,IT,82386,Meets
258,Sherri,Harding,49,Female,1975-10-23,2021-08-10,2025-03-11,Sales,115156,Exceeds
259,April,Willis,35,Male,1989-07-15,2022-02-04,2027-06-06,Sales,38459,Below
260,Smith,Krause,47,Male,1977-07-29,2019-04-14,2028-11-12,HR,57160,Below
261,Deborah,Ramirez,57,Male,1967-03-19,2022-02-04,2025-03-11,Marketing,116599,Exceeds
262,Natalie,Rivers,26,Female,1998-10-06,2020-10-09,2028-07-08,Finance,32026,Below
263,David,Fisher,50,Male,1974-10-02,2022-05-10,2027-04-08,Finance,69744,Exceeds
264,Nicole,Tucker,24,Female,2000-06-05,2022-10-06,2028-07-06,IT,51411,Below
265,Hannah,Castillo,33,Female,1991-09-16,2022-03-10,2028-01-02,Finance,162053,Outstanding
266,Joanne,Johnson,51,Male,1973-04-05,2020-01-07,2027-02-04,Sales,65052,Exceeds
267,Adam,Morales,34,Male,1990-08-15,2020-01-08,2025-02-09,Marketing,30446,Outstanding
268,Karen,Gallagher,26,Male,1998-06-04,2022-01-05,2027-07-12,Marketing,13838,Meets
269,Sherry,Hicks,69,Male,1955-10-21,2022-01-03,2028-02-06,IT,63980,Meets
270,James,Rodriguez,24,Female,2000-06-15,2019-02-06,2027-02-12,Finance,103748,Outstanding
271,Gary,Mcdowell,67,Male,1957-02-18,2021-10-12,2028-03-04,Marketing,62198,Below
272,Kimberly,Wheeler,42,Female,1982-10-27,2023-06-11,2027-05-06,HR,165147,Below
273,Desiree,Wright,32,Male,1992-11-01,2022-12-04,2025-08-05,Engineering,129916,Below
274,Victor,Cooper,42,Female,1982-10-24,2021-02-10,2025-04-01,Engineering,175830,Below
275,Logan,Floyd,33,Female,1991-01-10,2021-07-11,2028-02-09,IT,146452,Below
276,Maria,Todd,41,Male,1983-09-14,2023-07-04,2025-02-11,Customer Service,113778,Needs Improvement
277,Gerald,Weber,44,Female,1980-11-22,2021-02-05,2027-02-07,Finance,45328,Needs Improvement
278,Kathy,Williams,25,Female,1999-06-26,2022-03-08,2025-02-05,Engineering,57197,Outstanding
279,Susan,Johnson,54,Male,1970-06-11,2022-06-11,2025-09-02,Finance,88175,Exceeds
280,Sean,Mason,24,Male,2000-09-01,2023-02-04,2026-08-07,Customer Service,128901,Exceeds
281,Victor,Parker,27,Male,1997-06-07,2022-11-03,2025-08-03,Marketing,122811,Exceeds
282,Adam,Brown,55,Male,1969-02-11,2021-11-03,2027-07-07,IT,106308,Needs Improvement
283,Steven,Haney,34,Male,1990-06-22,2020-01-06,2026-04-10,Finance,166968,Below
284,Sheryl,Mcdaniel,60,Male,1964-07-19,2022-08-09,2027-11-04,Finance,170049,Exceeds
285,Angela,Sullivan,37,Male,1987-11-07,2020-06-04,2027-09-07,Engineering,143251,Outstanding
286,Madison,Bridges,18,Female,2006-10-05,2023-03-03,2027-07-11,IT,183348,Outstanding
287,Cynthia,Murray,24,Male,2000-01-03,2020-12-02,2028-07-05,HR,148300,Below
288,Joanna,Vega,51,Male,1973-09-19,2023-03-07,2028-02-11,IT,157521,Needs Improvement
289,Tamara,Jackson,22,Male,2002-06-23,2021-02-09,2025-07-02,Finance,161379,Needs Improvement
290,Bullock,Smith,37,Female,1987-07-12,2023-07-07,2027-02-12,Finance,172469,Meets
291,Elizabeth,Smith,70,Male,1954-03-20,2020-12-02,2027-03-09,Operations,4237,Exceeds
292,William,Ward,31,Female,1993-10-25,2022-12-11,2025-02-08,IT,66387,Meets
293,Todd,Wilson,55,Male,1969-08-14,2022-06-10,2025-08-10,Finance,174024,Needs Improvement
294,Traci,Barnett,61,Female,1963-02-06,2022-08-04,2026-02-04,Customer Service,107065,Exceeds
295,Jonathan,Bell,35,Male,1989-04-04,2021-08-06,2028-05-05,Finance,66488,Meets
296,Vargas,Schroeder,66,Female,1958-02-16,2022-11-02,2027-01-10,Marketing,111532,Meets
297,David,Myers,53,Female,1971-08-30,2021-01-09,2028-12-09,IT,129405,Below
298,Olivia,Rowland,30,Male,1994-10-29,2023-02-11,2026-06-06,IT,127012,Outstanding
299,Brittany,Green,66,Male,1958-11-09,2022-06-09,2028-01-02,Customer Service,195264,Outstanding
300,Nancy,Clayton,41,Male,1983-12-26,2020-01-11,2026-03-10,IT,134910,Needs Improvement
301,Danielle,Ward,25,Female,1999-12-12,2023-03-11,2028-06-04,Sales,104225,Outstanding
302,Mark,Cross,38,Female,1986-04-04,2022-09-03,2028-02-05,Sales,122113,Outstanding
303,Jerry,Love,28,Female,1996-03-16,2021-03-06,2027-03-10,HR,76522,Meets
304,Brian,Patterson,31,Male,1993-08-20,2023-02-10,2026-10-02,Marketing,137736,Outstanding
305,John,George,70,Male,1954-02-23,2021-02-09,2028-03-06,Customer Service,45438,Outstanding
306,Daniel,May,33,Female,1991-03-12,2022-07-04,2028-02-01,Finance,125743,Exceeds
307,Kelly,Myers,36,Female,1988-12-23,2023-02-11,2027-07-04,IT,173238,Below
308,Victor,Solis,32,Male,1992-12-09,2023-09-04,2025-01-06,Sales,173521,Exceeds
309,Pope,Gibson,67,Female,1947-07-07,2021-02-04,2027-02-08,Engineering,51153,Exceeds
310,Faulkner,Holt,57,Female,1967-09-22,2022-08-10,2027-02-02,Customer Service,93818,Meets
311,Thomas,Gonzalez,25,Male,1999-08-07,2021-05-03,2028-07-06,HR,97771,Needs Improvement
312,Daniel,Burton,22,Female,2002-08-08,2020-03-02,2028-04-01,Engineering,94282,Exceeds
313,Lori,Williams,40,Male,1984-12-12,2022-01-09,2028-12-08,Finance,40076,Needs Improvement
314,Paula,King,42,Male,1982-06-28,2021-02-08,2028-11-10,Marketing,9069,Below
315,William,Bailey,42,Male,1982-04-19,2021-02-04,2028-12-10,Sales,51430,Below
316,David,Adams,48,Male,1976-03-16,2021-02-03,2027-06-06,Operations,135108,Below
317,Jerry,Bradley,53,Male,1971-02-09,2023-01-05,2028-08-05,IT,149742,Below
318,Julie,Koch,58,Male,1966-10-20,2020-03-10,2027-02-06,Customer Service,50920,Meets
319,Gregory,Murphy,27,Male,1997-04-21,2023-07-07,2026-09-11,Sales,135903,Meets
320,Joe,White,51,Female,1973-07-16,2023-03-12,2027-10-05,HR,101002,Exceeds
321,William,Bell,26,Female,1998-03-17,2020-04-06,2028-08-03,HR,92233,Exceeds
322,Dorothy,Williams,38,Female,1986-01-15,2023-11-07,2026-01-10,Finance,186965,Exceeds
323,Jack,Bryant,43,Female,1981-08-21,2020-05-04,2027-03-08,IT,51676,Meets
324,Johnny,Hughes,41,Female,1983-09-08,2022-02-02,2025-01-11,Customer Service,135838,Meets
325,Gonzalez,Hill,57,Female,1967-10-07,2021-04-06,2027-08-10,IT,113928,Below
326,Crystal,Allen,53,Female,1971-03-22,2021-01-06,2027-02-11,Sales,45015,Outstanding
327,Michael,Bryce,53,Female,1971-01-26,2022-04-12,2026-11-02,Operations,158052,Meets
328,Robert,Butler,24,Female,2000-04-17,2022-06-06,2025-12-10,Marketing,52517,Outstanding
329,Thomas,King,60,Female,1964-11-05,2021-11-03,2028-04-12,IT,151302,Meets
330,Daniel,Mcguire,65,Female,1959-06-05,2021-07-11,2028-01-01,Engineering,4199,Needs Improvement
331,Michael,Knox,69,Male,1955-08-19,2023-01-06,2025-10-11,Finance,123819,Below
332,Ashley,Wilson,42,Female,1982-03-15,2022-03-07,2025-10-05,Sales,65164,Below
333,Tracy,Kim,63,Male,1961-09-05,2023-09-11,2026-11-08,Operations,110214,Below
334,Janet,Johnson,52,Female,1972-01-24,2020-12-10,2028-04-06,HR,83361,Meets
335,Jasmine,Baldwin,41,Male,1983-06-22,2021-03-07,2027-09-07,IT,68080,Exceeds
336,Jennifer,Mcguire,30,Male,1994-05-01,2022-03-04,2027-06-06,Marketing,166560,Below
337,Matthew,Johnston,36,Male,1988-05-22,2021-04-07,2028-02-05,Customer Service,104281,Exceeds
338,Anthony,Dillon,34,Female,1990-09-03,2023-05-04,2026-10-09,Sales,14828,Exceeds
339,Veronica,Moran,27,Female,1997-02-04,2021-07-12,2028-10-04,IT,130085,Outstanding
340,Tyler,Bray,18,Male,2006-01-15,2020-03-03,2026-09-06,Finance,63592,Meets
341,John,Mullen,44,Female,1980-12-05,2023-04-07,2025-06-07,Marketing,155120,Needs Improvement
342,Charles,Hodges,22,Female,2002-03-04,2023-04-02,2025-12-10,Marketing,176789,Below
343,Christopher,Davis,45,Male,1979-08-03,2022-10-07,2028-04-10,HR,124125,Needs Improvement
344,Barnes,Johnson,67,Female,1957-06-17,2022-04-12,2025-02-06,Marketing,38709,Exceeds
345,Timothy,Valdez,61,Male,1963-03-16,2022-07-07,2025-12-09,Sales,51870,Meets
346,Kevin,Freeman,29,Female,1995-03-01,2020-08-07,2028-09-04,Operations,190926,Below
347,Christina,Wyatt,28,Male,1996-12-28,2023-01-11,2026-12-03,Finance,67212,Meets
348,Victor,Pham,26,Male,1998-02-02,2023-06-01,2025-12-09,Operations,40785,Exceeds
349,James,Lee,63,Male,1961-08-21,2022-06-09,2025-04-12,IT,82582,Below
350,Robert,Mcmahon,37,Female,1987-04-13,2020-01-08,2027-05-10,Engineering,125649,Exceeds
351,Kristin,Lowe,25,Female,1999-08-01,2022-02-11,2028-08-08,IT,72046,Needs Improvement
352,Mitchell,Orr,64,Male,1960-08-07,2022-02-12,2025-07-10,Customer Service,83104,Needs Improvement
353,Kevin,Harrell,30,Male,1994-04-19,2023-06-06,2025-11-08,Engineering,171199,Outstanding
354,Thomas,Smith,38,Female,1986-04-12,2021-08-09,2025-05-01,Finance,2521,Meets
355,Wendy,Clarke,21,Male,2003-01-22,2021-03-05,2027-02-08,Engineering,173084,Exceeds
356,Christopher,Duran,45,Female,1979-01-01,2023-07-03,2026-11-11,Sales,68491,Below
357,Jason,Reese,57,Female,1967-01-21,2020-04-01,2027-04-10,IT,143549,Needs Improvement
358,Michael,Harris,45,Male,1979-10-14,2021-06-01,2027-09-09,Customer Service,50952,Outstanding
359,Amy,Edwards,36,Female,1988-09-07,2022-04-03,2028-09-06,Engineering,32405,Meets
360,Nicholas,Garcia,57,Female,1967-10-27,2023-07-12,2026-07-11,IT,6417,Needs Improvement
361,Vincent,Monroe,61,Female,1963-09-20,2017-06-11,2025-10-25,Marketing,120926,Outstanding
362,Manuel,Torres,27,Male,1997-04-23,2021-05-10,2028-05-07,Operations,5536,Outstanding
363,Dakota,Taylor,50,Female,1974-01-27,2023-01-03,2028-01-03,Operations,125050,Exceeds
364,Madeline,Sellers,38,Male,1986-11-11,2021-02-06,2028-06-05,IT,48447,Exceeds
365,Kayla,Phillips,32,Female,1992-07-23,2022-08-07,2025-09-05,Customer Service,193284,Meets
366,Andrew,Chen,50,Male,1974-02-16,2023-01-11,2025-04-10,Engineering,87606,Below
367,Jonathan,Tran,29,Female,1995-08-14,2023-08-08,2027-03-08,Finance,16497,Outstanding
368,Tiffany,Obrien,32,Male,1992-06-01,2021-09-05,2027-12-06,Engineering,130692,Meets
369,Laura,Williams,26,Male,1998-04-15,2020-05-03,2027-04-04,Finance,194325,Exceeds
370,Cole,Glover,19,Female,2005-08-15,2022-02-05,2027-12-02,IT,165978,Below
371,Bryan,Lopez,61,Male,1963-12-12,2020-04-12,2025-02-08,Engineering,33705,Needs Improvement
372,Natalie,Murillo,30,Male,1994-03-05,2020-09-04,2027-02-11,Sales,56406,Meets
373,James,Jimenez,52,Male,1972-12-16,2019-04-01,2025-04-10,IT,166935,Meets
374,Katelyn,Cox,21,Female,2003-12-11,2023-04-11,2025-07-05,Operations,53993,Exceeds
375,Robert,Hill,49,Male,1975-06-11,2020-08-01,2027-03-03,Operations,139692,Below
376,Jennifer,Roberts,55,Male,1969-03-25,2021-05-02,2027-03-16,Marketing,156079,Outstanding
377,Monica,Livingston,29,Male,1995-08-20,2022-09-05,2027-06-11,Operations,72391,Below
378,Reilly,Stephens,41,Male,1983-06-30,2023-07-09,2027-07-02,Marketing,132732,Needs Improvement
379,Dustin,Wang,30,Male,1994-09-08,2022-06-09,2025-03-08,Engineering,55902,Meets
380,David,Howell,31,Female,1993-05-17,2023-02-05,2027-01-07,Operations,110179,Outstanding
381,Gail,Valdez,24,Female,2000-01-10,2021-03-12,2027-04-03,Marketing,134653,Outstanding
382,Sheila,Perez,19,Male,2005-10-25,2022-01-08,2025-04-12,Finance,107643,Outstanding
383,Amy,Miller,41,Male,1983-06-08,2022-02-02,2025-04-08,Operations,175029,Needs Improvement
384,Daniel,Patterson,29,Female,1995-02-21,2022-06-05,2027-10-10,IT,69957,Needs Improvement
385,Karen,Collins,36,Female,1988-09-12,2022-05-04,2025-06-04,HR,31216,Meets
386,Kyle,Reynolds,47,Male,1977-12-17,2020-08-07,2025-09-05,Sales,179071,Meets
387,Calvin,Jordan,44,Female,1980-10-05,2021-10-07,2025-01-05,IT,161223,Outstanding
388,Lindsay,Thompson,56,Male,1968-03-11,2022-02-05,2027-01-09,Operations,122265,Below
389,Debra,Mckay,35,Male,1989-12-28,2021-01-07,2027-03-11,Sales,175230,Outstanding
390,Barbara,Henderson,52,Male,1972-09-28,2022-08-12,2025-05-03,Operations,92397,Meets
391,Lauren,Gardner,45,Male,1979-12-12,2020-02-03,2027-08-05,Engineering,9985,Below
392,Jeffery,Lawson,58,Female,1966-09-21,2022-03-09,2026-02-02,Marketing,12738,Outstanding
393,Darren,Anthony,62,Male,1962-02-07,2021-03-10,2025-01-03,Sales,165157,Needs Improvement
394,Jason,Barrett,24,Male,2000-09-13,2021-03-03,2025-04-05,IT,16112,Below
395,Harry,Hart,18,Female,2006-04-03,2023-09-05,2025-03-01,Operations,99676,Below
396,Tanya,Gardner,18,Male,2006-05-29,2018-06-07,2027-07-16,HR,40814,Exceeds
397,Gary,Hall,21,Female,2003-05-21,2020-01-10,2027-03-12,Operations,122462,Needs Improvement
398,Megan,Mendez,47,Male,1977-10-27,2021-06-08,2025-06-06,IT,112965,Below
399,James,Patton,58,Male,1966-05-18,2022-07-09,2025-10-12,Engineering,163027,Meets
400,Breanna,Grant,59,Female,1965-09-12,2023-07-04,2025-06-06,Finance,156047,Below
401,Crystal,Chen,50,Female,1974-09-24,2023-05-10,2025-07-03,IT,127796,Meets
402,Christopher,Myers,46,Male,1978-07-18,2021-03-03,2027-08-01,Sales,193684,Meets
403,Sarah,Washington,44,Female,1980-07-31,2020-09-01,2025-06-11,HR,78886,Outstanding
404,Craig,Dudley,63,Male,1961-08-09,2022-06-05,2025-11-12,Customer Service,128623,Below
405,Julie,Gibson,43,Female,1981-08-25,2020-09-03,2027-07-01,Marketing,40930,Needs Improvement
406,Tina,Benson,62,Female,1962-02-25,2018-04-07,2025-02-01,IT,185699,Below
407,Robert,Allen,62,Male,1962-04-16,2021-08-07,2027-08-05,IT,73109,Meets
408,Thomas,Davis,66,Male,1958-05-28,2023-05-05,2025-05-06,IT,132267,Meets
409,Amanda,Ruiz,53,Male,1971-01-23,2019-03-05,2027-03-05,Marketing,139173,Below
410,Ricardo,Johnston,50,Female,1974-06-10,2020-11-03,2026-01-05,Marketing,145817,Below
411,Michael,Garner,37,Male,1987-11-22,2022-02-07,2027-07-03,IT,59518,Exceeds
412,James,Johnson,22,Female,2002-07-12,2022-12-10,2025-12-09,HR,93992,Meets
413,Amanda,Allen,62,Male,1962-12-24,2021-01-06,2027-02-04,Finance,103772,Below
414,Denise,Gerald,43,Male,1981-06-30,2023-07-06,2025-07-12,Operations,161842,Below
415,Angela,Lam,39,Female,1985-02-11,2022-09-11,2028-12-05,Operations,109774,Exceeds
416,Gina,Bonilla,22,Female,2002-10-18,2021-02-05,2027-01-11,Customer Service,137832,Meets
417,Tyler,Cordova,29,Male,1995-11-17,2021-05-11,2027-01-09,Engineering,31919,Needs Improvement
418,Madison,Roberson,58,Male,1966-03-30,2021-08-01,2025-11-02,Operations,191084,Below
419,Tiffany,Garrett,27,Male,1997-12-17,2022-01-05,2027-10-12,Operations,13472,Meets
420,Knox,Anderson,35,Male,1989-09-25,2023-02-09,2025-08-07,HR,163150,Meets
421,Rebecca,Thomas,52,Female,1972-04-13,2021-11-08,2027-07-07,Customer Service,64730,Exceeds
422,Matthew,Lewis,41,Male,1983-01-29,2023-05-07,2025-09-08,IT,55115,Meets
423,John,Johnson,43,Female,1981-12-30,2020-02-07,2025-10-06,Operations,100040,Outstanding
424,David,Silva,52,Female,1972-10-13,2020-02-03,2026-06-04,Finance,35262,Meets
425,William,Yang,64,Male,1960-11-25,2023-08-05,2025-04-16,Sales,84235,Exceeds
426,Donald,Hill,59,Male,1965-09-13,2020-05-05,2027-09-12,Operations,132242,Below
427,Michael,Benson,45,Male,1979-10-26,2020-06-12,2025-07-01,Customer Service,159856,Below
428,Rodgers,Curtis,51,Male,1973-06-12,2022-11-04,2027-09-05,Finance,151195,Needs Improvement
429,Jason,Ryan,19,Male,2005-12-16,2022-09-03,2025-02-06,HR,121297,Outstanding
430,Kayla,Reese,22,Female,2002-12-15,2022-03-10,2025-02-07,Engineering,121264,Exceeds
431,Kristin,Diaz,57,Male,1967-03-18,2021-02-12,2025-08-05,IT,177049,Meets
432,Mark,Jones,23,Female,2001-02-16,2022-12-03,2025-09-18,Operations,105387,Below
433,Holland,Brown,46,Male,1978-04-23,2020-07-04,2026-04-09,Finance,66156,Exceeds
434,Destiny,Davis,20,Female,2004-05-18,2020-12-05,2026-12-09,Customer Service,95422,Outstanding
435,John,Reese,52,Male,1972-02-06,2020-05-12,2028-07-08,Marketing,107269,Meets
436,Christopher,Jones,44,Male,1980-07-28,2022-12-03,2025-10-12,Marketing,41909,Meets
437,Tommy,Arnold,23,Female,2001-05-19,2020-01-17,2025-09-08,HR,12759,Exceeds
438,Linda,Johnson,28,Male,1996-10-13,2020-11-04,2026-12-11,Operations,58066,Below
439,Vicki,Oneill,22,Male,2002-05-07,2017-05-05,2027-03-01,Operations,137480,Exceeds
440,James,Booker,61,Female,1963-09-30,2023-01-04,2026-04-02,Sales,141049,Below
441,Stacy,Clark,43,Male,1981-10-25,2020-02-08,2026-10-06,Customer Service,30887,Needs Improvement
442,Michael,Clarke,24,Female,2000-07-15,2020-02-04,2027-09-05,Operations,3057,Exceeds
443,Wanda,Scott,46,Male,1978-03-15,2020-02-09,2025-12-05,IT,6575,Below
444,Janice,Walls,33,Male,1991-08-04,2021-06-09,2027-02-03,Engineering,15004,Meets
445,Vargas,Carlson,56,Male,1968-12-24,2023-05-05,2025-10-04,Operations,58160,Exceeds
446,Jasmine,Walker,64,Female,1960-09-09,2021-01-10,2026-04-02,HR,135386,Meets
447,Ford,Smith,37,Male,1987-10-09,2020-02-07,2027-01-01,Operations,189493,Needs Improvement
448,Shane,Simpson,33,Female,1991-03-19,2022-06-10,2025-09-04,Sales,158719,Meets
449,James,Matthews,53,Female,1971-05-29,2021-02-07,2026-03-09,Sales,56214,Outstanding
450,Joseph,Huang,19,Female,2005-01-24,2020-03-10,2025-01-03,IT,74571,Meets
451,Tyler,Yu,34,Male,1990-09-26,2023-02-07,2026-12-11,Customer Service,198119,Outstanding
452,John,Ashley,68,Female,1956-07-21,2021-01-04,2027-12-08,Finance,69947,Meets
453,Juan,Lewis,31,Female,1993-03-11,2019-06-07,2025-04-12,Operations,111765,Outstanding
454,Margaret,Salazar,18,Male,2006-11-04,2020-09-11,2025-10-08,IT,127176,Outstanding
455,Carolyn,Benjamin,23,Male,2001-02-22,2021-03-11,2026-09-05,Engineering,85927,Meets
456,Shirley,Byrd,61,Female,1963-07-04,2021-07-04,2027-07-09,HR,137932,Needs Improvement
457,Alyssa,Cox,26,Male,1998-03-03,2022-01-07,2027-10-03,IT,55521,Needs Improvement
458,Andrew,Gardner,55,Male,1969-06-08,2020-09-03,2026-06-03,IT,148776,Needs Improvement
459,Matthew,Nelson,47,Female,1977-03-15,2022-01-06,2027-09-04,Customer Service,85807,Outstanding
460,Cassandra,Smith,44,Female,1980-05-20,2021-10-04,2026-09-03,Engineering,137111,Outstanding
461,Paul,Adkins,59,Female,1965-03-24,2022-04-05,2025-09-07,Engineering,60854,Meets
462,Anna,Rodriguez,47,Female,1977-01-04,2020-07-10,2027-02-08,Sales,175179,Meets
463,Paul,Williams,41,Female,1983-05-25,2023-05-06,2027-11-12,HR,38363,Outstanding
464,Elizabeth,Little,60,Female,1964-09-30,2021-02-10,2027-04-03,Operations,158740,Below
465,Natalie,Jones,59,Female,1965-11-26,2023-12-06,2025-09-01,Operations,50721,Exceeds
466,Austin,Stanley,58,Male,1966-11-14,2018-03-06,2028-10-04,Customer Service,136051,Exceeds
467,Deborah,Morton,24,Male,2000-06-24,2020-01-01,2027-06-10,Finance,163985,Exceeds
468,Lopez,Jones,35,Female,1989-07-23,2020-07-06,2026-12-07,Sales,139230,Below
469,Charles,Lindsey,29,Male,1995-06-11,2020-02-01,2026-07-03,HR,37582,Below
470,Michelle,Thompson,62,Female,1962-10-03,2022-02-09,2025-04-08,HR,71144,Below
471,Sharon,Johnson,45,Male,1979-09-12,2020-02-08,2026-04-05,IT,87302,Below
472,Christopher,Farrell,37,Female,1987-08-14,2023-03-01,2027-08-10,HR,46469,Needs Improvement
473,Michael,Deborah,68,Male,1956-01-10,2020-01-03,2027-08-04,Sales,13839,Outstanding
474,Sara,Harper,40,Male,1984-06-29,2023-12-03,2025-04-01,Engineering,136235,Meets
475,Deanna,Martinez,25,Female,1999-10-23,2021-02-11,2027-07-06,Customer Service,184360,Exceeds
476,Ronald,Clark,44,Female,1980-04-24,2020-03-08,2027-10-11,Operations,139474,Below
477,Shawn,Williams,27,Male,1997-12-02,2021-12-12,2025-10-05,Marketing,68248,Outstanding
478,Melissa,Swanson,35,Female,1989-06-30,2023-02-05,2027-05-03,Operations,189505,Outstanding
479,Angelica,Jones,66,Female,1958-04-03,2022-02-08,2027-10-01,Finance,118853,Exceeds
480,Craig,Ochoa,21,Female,2003-05-27,2020-09-08,2026-03-10,HR,96653,Meets
481,Angela,Cross,24,Male,2000-10-27,2020-06-10,2026-02-09,Sales,149326,Meets
482,Walter,Reed,48,Female,1976-03-15,2021-11-05,2026-05-11,Customer Service,73481,Outstanding
483,Anthony,Robinson,43,Male,1981-03-28,2022-02-01,2026-04-05,Customer Service,156135,Meets
484,Jacqueline,Brown,24,Male,2000-09-20,2023-02-01,2025-05-12,Operations,73022,Outstanding
485,Melissa,Oneill,47,Female,1977-05-23,2023-09-11,2026-09-11,IT,144212,Needs Improvement
486,Tiffany,James,42,Female,1982-04-19,2020-06-05,2026-03-07,Engineering,38816,Outstanding
487,Hannah,Kramer,48,Male,1976-04-12,2020-10-08,2027-07-08,IT,155247,Outstanding
488,Yvonne,Barber,33,Female,1991-02-12,2021-02-03,2025-09-01,Marketing,115343,Meets
489,Jerry,Jenkins,56,Male,1968-09-27,2023-02-12,2026-04-02,Finance,157029,Meets
490,Valerie,Cowan,34,Female,1990-03-07,2022-11-07,2025-01-01,Customer Service,162189,Outstanding
491,Lindsey,Ferrell,27,Female,1997-06-04,2021-02-12,2027-08-08,Operations,97976,Meets
492,Corey,Lopez,38,Male,1986-10-11,2020-08-02,2027-07-07,HR,8880,Outstanding
493,Nancy,Dominguez,67,Female,1957-10-10,2022-01-04,2025-09-10,Marketing,11606,Needs Improvement
494,Patrick,Salazar,70,Male,1954-11-01,2021-04-08,2026-07-05,IT,183081,Outstanding
495,Robert,Martin,42,Male,1982-07-04,2021-02-05,2025-04-11,Finance,60918,Needs Improvement
496,Evan,Burnett,21,Female,2003-09-13,2021-01-01,2027-10-02,HR,167725,Meets
497,Michael,Williams,44,Male,1980-01-28,2020-03-08,2027-12-09,Marketing,156569,Exceeds
498,Matthew,Thomas,66,Male,1958-03-07,2021-08-10,2026-03-02,Sales,149943,Needs Improvement
499,Sergio,Beck,31,Female,1993-04-25,2023-02-12,2026-02-11,HR,157417,Below
500,James,Andersen,28,Male,1996-08-20,2021-04-05,2025-09-07,Marketing,171914,Below
501,Kathy,Johnson,32,Female,1992-09-23,2023-06-08,2025-09-11,IT,145448,Outstanding
502,Robert,Griffin,48,Female,1976-05-21,2021-01-03,2027-02-07,Finance,53795,Below
503,Manuel,Johnson,67,Male,1957-01-28,2021-04-05,2027-04-12,HR,194293,Meets
504,Shelby,King,53,Male,1971-08-17,2019-03-04,2025-09-11,Finance,69912,Exceeds
505,Kara,Hendricks,38,Female,1986-04-16,2021-07-04,2025-08-12,Customer Service,131427,Exceeds
506,Carlos,Martin,30,Male,1994-02-03,2020-11-08,2027-08-22,Sales,192887,Exceeds
507,Alexander,Jacobs,47,Male,1977-12-23,2020-01-03,2026-04-08,Engineering,68617,Needs Improvement
508,Robert,Daniel,35,Female,1989-06-07,2022-01-06,2027-04-06,Finance,12071,Meets
509,Allison,Donovan,44,Male,1980-03-25,2020-04-11,2027-03-01,Customer Service,60060,Below
510,Shari,Sanchez,70,Male,1954-11-14,2021-02-07,2026-08-07,Finance,41698,Meets
511,Robert,Shields,29,Female,1995-11-30,2020-04-02,2026-03-11,Finance,58589,Needs Improvement
512,Samantha,Payne,58,Female,1966-02-08,2021-12-03,2027-04-04,HR,39306,Below
513,Laura,Taylor,28,Male,1996-05-29,2021-02-09,2025-12-03,HR,84757,Outstanding
514,Elizabeth,Rowland,56,Female,1968-08-16,2022-01-08,2027-04-11,IT,125042,Exceeds
515,John,Rodriguez,32,Female,1992-02-07,2023-01-09,2026-12-01,Engineering,99403,Below
516,Courtney,Wright,22,Female,2002-09-16,2020-04-02,2026-01-06,HR,113530,Meets
517,Emily,Gonzalez,30,Male,1994-02-19,2023-05-03,2025-01-04,Marketing,198840,Below
518,Michael,Calderon,32,Female,1992-01-27,2018-02-11,2028-05-11,Finance,154093,Meets
519,Mack,Hall,66,Female,1958-10-11,2022-06-01,2025-10-06,Operations,120725,Needs Improvement
520,Sarah,Porter,28,Male,1996-04-17,2020-02-06,2025-02-01,Finance,161207,Exceeds
521,Bradley,Smith,20,Male,2000-01-05,2020-08-10,2025-10-03,HR,37658,Meets
522,Anthony,Armstrong,22,Male,2002-01-12,2023-11-01,2025-02-17,Sales,94302,Below
523,James,Moore,33,Female,1991-04-05,2022-01-03,2026-08-05,Finance,60744,Meets
524,Douglas,Li,40,Male,1984-05-29,2022-08-02,2027-01-02,Finance,125629,Outstanding
525,Jon,Pearson,38,Male,1986-12-19,2021-02-02,2027-10-06,IT,33656,Exceeds
526,Stark,Pitts,27,Male,1997-01-21,2023-06-07,2027-10-05,IT,2656,Exceeds
527,Jason,Newman,40,Female,1984-10-04,2019-07-10,2025-08-10,Engineering,145109,Exceeds
528,Lee,Peck,18,Female,2006-03-29,2020-01-11,2027-08-05,Customer Service,193440,Meets
529,Justin,Castro,31,Female,1993-11-30,2021-08-07,2026-02-10,Marketing,140756,Needs Improvement
530,Jenkins,Vaughn,22,Female,2002-10-18,2017-09-04,2028-07-01,Sales,181148,Needs Improvement
531,Robert,Gallagher,47,Female,1977-09-04,2022-03-01,2025-10-04,HR,45632,Below
532,Joan,Moore,28,Female,1996-09-19,2022-02-12,2025-06-02,Finance,4935,Meets
533,Megan,Mayo,44,Male,1980-05-14,2020-04-06,2026-09-18,Customer Service,168064,Needs Improvement
534,Michael,Colon,60,Female,1964-03-22,2020-05-09,2026-02-03,Engineering,6876,Below
535,David,Carlson,33,Male,1991-02-22,2023-09-09,2025-09-10,Operations,165237,Needs Improvement
536,Melissa,Noble,70,Female,1954-10-02,2023-01-01,2026-11-07,HR,174889,Meets
537,Scott,Smith,26,Male,1998-11-30,2020-11-07,2027-04-03,HR,176518,Below
538,Kevin,Reeves,32,Female,1992-02-05,2021-03-02,2027-10-10,Finance,150995,Below
539,Susan,Johnson,53,Female,1971-10-22,2021-04-09,2026-08-10,IT,10995,Below
540,Emma,Sullivan,45,Female,1979-03-03,2022-08-05,2026-04-03,Operations,36720,Meets
541,Mark,Bass,50,Female,1974-01-28,2023-08-03,2027-03-04,Engineering,45418,Needs Improvement
542,Tracy,Sanchez,66,Male,1958-03-17,2023-11-04,2025-04-08,IT,5597,Needs Improvement
543,Theresa,Smith,40,Male,1984-08-24,2022-12-12,2025-01-03,Sales,70035,Needs Improvement
544,Shari,Gilbert,29,Male,1995-04-16,2022-09-07,2026-02-09,Finance,12254,Below
545,Roy,Payne,52,Male,1972-09-19,2023-01-03,2025-06-03,Marketing,173434,Outstanding
546,Tina,Green,33,Female,1991-10-16,2020-01-03,2026-03-11,Engineering,166151,Meets
547,Brooke,Donaldson,30,Male,1994-11-23,2022-03-12,2025-04-10,Operations,199233,Meets
548,Amy,Joe,70,Female,1954-03-05,2021-03-05,2026-04-04,Marketing,39072,Below
549,Robert,Pace,48,Female,1976-11-13,2021-02-08,2025-12-01,Operations,186723,Meets
550,Kenneth,Green,29,Female,1995-05-26,2021-02-03,2027-12-07,Operations,44099,Meets
551,Andre,Rush,37,Male,1987-11-25,2020-01-06,2027-03-01,Finance,115084,Needs Improvement
552,Lauren,Fuentes,28,Male,1996-04-29,2022-02-12,2025-08-09,IT,57517,Exceeds
553,Tammy,Blackwell,69,Female,1955-02-20,2017-07-06,2025-06-12,Engineering,166098,Meets
554,John,Butler,35,Male,1989-07-02,2020-07-01,2027-10-01,Finance,99352,Below
555,Billy,Gonzalez,70,Male,1954-01-12,2020-09-12,2026-06-12,Operations,150790,Meets
556,Matthew,Durham,54,Male,1970-11-10,2022-01-05,2027-12-03,HR,137827,Needs Improvement
557,Francisco,Williamson,56,Female,1968-08-08,2021-02-07,2025-01-03,IT,106359,Meets
558,Jill,Compton,23,Male,2001-10-17,2022-01-06,2027-04-08,HR,123606,Needs Improvement
559,Jason,Serrano,45,Male,1979-09-16,2022-01-10,2027-09-10,Sales,154009,Outstanding
560,Amy,Hartman,19,Female,2005-04-23,2022-05-04,2026-01-04,Sales,67737,Needs Improvement
561,Thomas,Hays,36,Female,1988-04-08,2022-06-04,2025-12-11,IT,15403,Meets
562,Kevin,Hernandez,53,Female,1971-06-27,2021-01-08,2027-08-11,Marketing,121912,Outstanding
563,Courtney,Parker,34,Female,1990-08-19,2020-03-10,2026-08-05,Marketing,194436,Outstanding
564,Erica,Harris,57,Female,1967-10-02,2022-07-04,2027-09-05,Finance,57242,Exceeds
565,Brittney,White,47,Male,1977-12-31,2019-04-01,2025-09-03,HR,150642,Below
566,Dalton,Jimenez,53,Male,1971-06-03,2023-03-06,2026-03-12,Customer Service,103021,Below
567,Cheryl,Lee,53,Male,1971-07-16,2021-07-06,2025-02-02,IT,56479,Needs Improvement
568,Alyssa,Lopez,60,Female,1964-10-12,2021-05-10,2025-10-10,Sales,6051,Meets
569,Barbara,Wagner,38,Female,1986-06-27,2020-03-10,2025-01-01,HR,59186,Meets
570,Brown,Washington,18,Female,2006-01-02,2022-10-11,2027-07-03,Finance,54687,Outstanding
571,Christopher,Stuart,28,Female,1996-10-29,2023-01-11,2027-04-03,HR,72209,Outstanding
572,Cheryl,Bowman,42,Female,1982-08-21,2021-11-12,2027-06-05,Customer Service,170650,Below
573,Erin,Berg,58,Female,1966-03-26,2021-08-06,2026-10-10,Engineering,105296,Needs Improvement
574,Kelsey,Hanson,64,Female,1960-06-10,2022-03-04,2027-09-10,Sales,57597,Outstanding
575,Miranda,Gaines,42,Male,1982-01-11,2022-12-02,2025-04-03,Customer Service,30398,Needs Improvement
576,Diana,Cain,68,Male,1956-01-17,2023-12-03,2025-10-02,Sales,82030,Below
577,Michelle,Kim,53,Female,1971-01-29,2021-02-03,2026-08-06,Sales,188277,Below
578,Adam,Hamilton,36,Male,1988-03-31,2018-02-09,2027-04-11,Operations,165328,Exceeds
579,Brian,Young,44,Female,1980-04-27,2022-08-10,2026-04-06,Sales,109057,Exceeds
580,Dawn,Norton,58,Female,1966-07-08,2021-05-08,2025-07-06,Customer Service,106943,Exceeds
581,David,Henderson,20,Female,2004-12-26,2018-06-04,2025-03-07,IT,91547,Outstanding
582,Mark,Smith,69,Male,1955-03-16,2022-08-04,2025-08-01,Customer Service,133808,Needs Improvement
583,Timothy,Williams,49,Female,1975-03-25,2023-07-01,2025-06-04,HR,128090,Exceeds
584,Matthew,Rodriguez,66,Female,1958-04-28,2022-02-07,2026-12-06,Customer Service,192545,Outstanding
585,Micheal,Robinson,47,Male,1977-05-27,2020-07-05,2026-01-09,Finance,116567,Below
586,Jessica,Melton,58,Male,1966-08-12,2020-03-06,2027-06-03,Finance,38066,Outstanding
587,Susan,Huber,41,Male,1983-05-24,2021-06-12,2027-08-02,Customer Service,102836,Below
588,Michael,Cruz,27,Male,1997-09-16,2020-08-02,2026-09-10,IT,84365,Outstanding
589,Kevin,Ayala,23,Male,2001-06-04,2021-04-12,2025-08-08,Finance,143909,Needs Improvement
590,Rachel,Barnes,43,Female,1981-05-31,2023-03-07,2025-09-04,Finance,55079,Meets
591,Ricky,Rodriguez,51,Female,1973-02-19,2020-04-07,2025-12-23,Engineering,2598,Meets
592,Joseph,Torres,27,Female,1997-03-31,2021-02-05,2027-01-08,Customer Service,139063,Meets
593,Justin,Willis,51,Female,1973-10-14,2019-07-08,2025-06-17,Operations,127531,Exceeds
594,Matthew,Smith,55,Female,1969-12-09,2023-06-09,2025-01-06,Operations,52300,Outstanding
595,Douglas,Cole,50,Female,1974-01-01,2020-09-04,2027-10-11,Finance,89167,Exceeds
596,Greg,Ellis,68,Male,1956-07-11,2023-02-05,2025-07-02,Operations,188345,Exceeds
597,Jacob,Lee,28,Male,1996-07-02,2022-05-07,2026-01-04,Marketing,11558,Below
598,Laurie,Mcconnell,67,Female,1957-06-23,2022-07-07,2027-01-05,Customer Service,33536,Needs Improvement
599,Joshua,Thomas,32,Female,1992-08-16,2020-12-06,2025-06-26,HR,124372,Below
600,Sherry,Jones,33,Female,1991-04-16,2023-04-12,2025-12-05,Engineering,137220,Below
601,Jessica,Steven,32,Female,1992-12-04,2022-04-08,2027-08-10,Operations,54769,Exceeds
602,Jennifer,Oconnell,66,Female,1958-03-09,2022-09-09,2025-09-03,Finance,58004,Below
603,Kevin,Cole,65,Female,1959-03-21,2021-11-09,2028-11-06,Customer Service,119594,Exceeds
604,Jeffrey,Horton,53,Female,1971-05-05,2020-03-04,2027-07-09,Marketing,158129,Below
605,Cynthia,Gardner,53,Female,1971-11-11,2020-01-03,2027-07-07,Operations,126197,Exceeds
606,Davis,Parker,46,Male,1978-07-22,2019-06-12,2025-06-04,Engineering,42111,Outstanding
607,Mary,Carter,18,Male,2006-05-19,2023-04-10,2026-07-10,Sales,129734,Below
608,Cynthia,Sanders,45,Male,1979-07-08,2021-02-07,2028-08-05,Sales,99579,Below
609,Terri,Snyder,46,Female,1978-05-15,2020-12-04,2026-07-05,Customer Service,42935,Outstanding
610,Rebecca,Haley,35,Female,2019-12-29,2021-01-10,2025-10-05,HR,180262,Exceeds
611,Rhonda,Olson,18,Male,2006-07-05,2019-09-10,2025-02-01,Customer Service,74153,Outstanding
612,Kenneth,Pitts,23,Male,2001-09-17,2023-05-08,2025-04-09,IT,4676,Meets
613,Christopher,Lutz,68,Male,1956-12-05,2021-05-09,2025-02-05,IT,166731,Outstanding
614,Steven,Buchanan,37,Male,1987-10-15,2022-11-17,2028-03-01,HR,159148,Below
615,Shawn,Nelson,25,Female,1999-11-28,2021-06-06,2027-10-07,HR,172234,Meets
616,Dennis,Castillo,43,Male,1981-01-01,2020-07-04,2026-08-12,Sales,99901,Outstanding
617,Jennifer,Burnett,41,Male,1983-02-24,2018-07-04,2025-09-03,Engineering,88777,Meets
618,Michael,Haney,63,Female,1961-04-19,2021-09-08,2027-06-04,Operations,106662,Outstanding
619,Tracy,Ritter,37,Female,1987-11-22,2020-04-08,2026-11-01,HR,147175,Exceeds
620,Marissa,Downs,47,Female,1977-08-01,2020-05-11,2027-12-02,Engineering,73024,Outstanding
621,Anna,Horton,50,Male,1974-11-10,2021-07-07,2025-12-01,Customer Service,172561,Outstanding
622,Kenneth,Smith,44,Male,1980-05-23,2020-02-04,2026-10-05,Sales,124217,Outstanding
623,Sabrina,Bennett,47,Male,1977-11-10,2021-12-08,2025-12-11,HR,99023,Needs Improvement
624,James,Beard,24,Male,2000-09-19,2022-07-10,2025-03-09,Marketing,90361,Below
625,Stephanie,Carroll,30,Male,1994-05-25,2020-07-04,2025-01-06,Finance,149487,Outstanding
626,Donald,Johnson,18,Male,2006-09-04,2020-09-04,2026-03-05,IT,93125,Below
627,Zachary,Wood,40,Male,1984-03-02,2021-08-02,2026-06-04,Engineering,169852,Outstanding
628,Nicolas,Garcia,18,Male,2006-07-20,2021-04-04,2026-06-03,Sales,4019,Meets
629,David,Oliver,51,Male,1973-03-06,2023-05-10,2027-10-02,Marketing,141624,Needs Improvement
630,Heather,Davis,23,Female,2001-04-05,2023-01-05,2026-12-02,HR,74468,Meets
631,Bruce,Perkins,46,Female,1978-11-26,2023-04-08,2027-12-18,Engineering,47635,Exceeds
632,Amanda,Flores,51,Male,1973-08-25,2021-05-06,2026-11-12,Sales,143291,Below
633,Madison,Pearson,68,Male,1956-02-24,2023-07-07,2027-03-09,Sales,173165,Exceeds
634,Joshua,Hodge,46,Female,1978-08-18,2020-06-08,2025-09-08,Sales,180410,Below
635,Kimberly,Cooper,61,Female,1963-02-22,2020-04-06,2027-08-10,Operations,167350,Meets
636,Keith,Gonzalez,24,Male,2000-08-18,2023-07-05,2026-10-10,IT,88485,Meets
637,Emily,Vargas,37,Female,1987-07-14,2022-10-12,2025-09-10,Marketing,101161,Exceeds
638,Aaron,Moore,58,Male,1966-10-13,2021-02-02,2026-12-01,Sales,100852,Exceeds
639,Benjamin,Turner,37,Female,1987-03-25,2022-02-06,2025-05-11,Finance,103265,Outstanding
640,April,Villanueva,29,Male,1995-12-28,2020-02-10,2025-06-02,Engineering,195594,Meets
641,William,Davis,37,Female,1987-09-26,2021-08-08,2026-02-04,IT,3620,Outstanding
642,Jose,Woods,70,Female,1954-10-29,2021-03-03,2027-12-04,IT,10342,Meets
643,Darren,Woods,39,Female,1985-04-14,2017-12-08,2027-07-11,Marketing,131531,Needs Improvement
644,Jennifer,Conrad,37,Male,1987-05-26,2023-09-02,2027-02-10,Engineering,197990,Exceeds
645,Alexandra,Green,44,Male,1980-01-12,2022-09-05,2026-02-03,Finance,133963,Outstanding
646,Dawn,Nichols,22,Female,2002-03-30,2023-07-07,2027-07-12,IT,139339,Exceeds
647,William,Howard,49,Male,1975-05-28,2020-03-09,2026-03-05,IT,54570,Below
648,Calvin,Jones,21,Male,2003-07-08,2018-08-07,2027-12-31,Customer Service,47159,Outstanding
649,Madeline,Bender,69,Male,1955-09-12,2020-02-08,2027-06-03,Sales,163622,Exceeds
650,Debra,Burke,20,Male,2004-05-08,2022-02-06,2027-01-01,IT,46302,Meets
651,John,Baker,42,Male,1982-11-27,2022-03-08,2027-09-06,Operations,120883,Outstanding
652,David,Anderson,48,Female,1976-03-24,2022-03-08,2025-12-02,Customer Service,157052,Exceeds
653,Zachary,Willis,65,Male,1959-04-13,2022-05-04,2025-01-10,Marketing,41837,Needs Improvement
654,David,Thomas,49,Male,1975-11-03,2021-06-01,2027-09-12,Marketing,99251,Below
655,Stephanie,Mcdonald,32,Male,1992-06-01,2019-04-09,2026-09-12,HR,98384,Outstanding
656,Margaret,Branch,21,Male,2003-06-28,2021-01-06,2028-01-08,Customer Service,156866,Exceeds
657,Peter,Mccarty,23,Male,2001-07-08,2023-03-09,2027-10-08,Customer Service,5281,Exceeds
658,Timothy,Patel,42,Male,1982-09-07,2021-03-10,2026-10-01,Sales,184469,Exceeds
659,Smith,Thompson,33,Male,1991-06-26,2020-03-08,2026-08-08,IT,63082,Needs Improvement
660,Briana,Larson,68,Female,1956-10-04,2023-05-02,2027-03-09,Engineering,141147,Needs Improvement
661,Sheryl,Mccoy,45,Female,1979-08-27,2021-08-01,2027-03-12,Marketing,101160,Outstanding
662,Michael,Hebert,70,Female,1954-02-17,2022-02-09,2026-01-02,HR,166021,Meets
663,Richard,Gay,49,Female,1975-10-17,2020-10-09,2028-08-11,Engineering,133795,Exceeds
664,David,Walsh,27,Female,1997-03-20,2022-05-10,2026-12-03,Engineering,98729,Below
665,Matthew,Lam,32,Female,1992-07-04,2020-03-03,2028-04-09,Finance,146814,Meets
666,Daniel,Boyle,63,Female,1961-08-21,2023-02-10,2027-12-08,Operations,193886,Needs Improvement
667,Maria,Watson,58,Female,1966-03-24,2018-03-07,2025-07-12,Engineering,189724,Exceeds
668,Amy,White,64,Female,1960-11-06,2020-02-03,2026-07-01,Finance,98081,Meets
669,Mark,Hall,64,Female,1960-03-06,2023-11-02,2025-06-05,Operations,73673,Needs Improvement
670,Angela,Carter,33,Female,1991-01-23,2020-01-07,2027-10-03,Sales,13191,Exceeds
671,Silva,Black,38,Female,1986-06-30,2022-03-12,2026-06-06,Finance,86701,Needs Improvement
672,Brett,Casey,30,Male,1994-09-27,2022-12-06,2026-02-05,Sales,15308,Needs Improvement
673,David,Christensen,28,Male,1996-08-07,2022-02-01,2025-11-11,HR,31411,Meets
674,Sandra,Kane,43,Female,1981-07-18,2020-09-08,2028-09-02,Finance,189902,Meets
675,Debra,Mitchell,20,Female,2004-08-23,2022-06-08,2026-09-10,Finance,7834,Needs Improvement
676,Larry,Braun,42,Female,1982-12-23,2020-10-06,2026-08-08,Engineering,150117,Meets
677,Alexis,Patterson,37,Female,1987-01-27,2023-07-08,2027-11-02,Engineering,161713,Exceeds
678,Janet,Romero,21,Female,2003-12-05,2021-09-11,2027-04-03,Sales,180932,Outstanding
679,Anderson,Patton,60,Female,1964-08-24,2022-02-04,2025-09-10,Engineering,196751,Below
680,Gabriel,Rojas,34,Male,1990-10-22,2019-05-01,2027-02-02,Engineering,158137,Outstanding
681,Matthew,Wolf,56,Female,1968-04-07,2021-02-05,2028-08-12,Engineering,114511,Exceeds
682,William,Obrien,22,Female,2002-01-02,2022-02-02,2027-03-01,Operations,63208,Exceeds
683,Kelsey,Martin,48,Female,1976-03-28,2023-05-11,2025-04-08,Marketing,157133,Meets
684,Jennifer,Gonzalez,33,Male,1991-02-17,2022-08-06,2027-03-06,Marketing,41130,Below
685,Natalie,Walker,36,Female,1988-03-25,2021-02-05,2026-06-21,Sales,123026,Meets
686,Lisa,Bradford,32,Male,1992-09-26,2019-06-06,2025-11-09,Sales,88053,Below
687,Brian,Rowe,65,Male,1959-04-27,2020-04-08,2028-08-03,Sales,144431,Meets
688,Brian,Mason,56,Female,1968-07-04,2021-09-02,2027-03-08,IT,39303,Outstanding
689,Shirley,Bishop,30,Female,1994-04-01,2023-08-05,2025-12-03,Finance,31085,Meets
690,Robert,Morrison,41,Female,1983-10-25,2021-10-12,2026-09-07,Marketing,131925,Needs Improvement
691,Joshua,Miller,37,Male,1987-02-14,2023-09-01,2027-07-04,Marketing,47289,Meets
692,Brian,Chavez,64,Female,1960-12-23,2020-04-03,2027-04-03,HR,168379,Outstanding
693,Daniel,Sanchez,54,Male,1970-07-17,2022-07-09,2025-01-02,Engineering,116367,Below
694,Jennifer,Wolfe,25,Female,1999-12-28,2020-03-07,2027-11-11,HR,150776,Exceeds
695,Dana,Black,55,Female,1969-09-12,2021-02-06,2027-09-05,HR,6603,Outstanding
696,Stacy,Fuller,56,Female,1968-04-03,2021-05-08,2026-10-02,HR,104355,Meets
697,Tina,Melton,26,Female,1998-03-30,2023-03-02,2026-07-09,Sales,76011,Exceeds
698,John,Young,49,Female,1975-11-29,2023-09-04,2027-08-08,IT,145591,Below
699,Connie,Morgan,27,Female,1997-12-01,2023-04-04,2027-12-04,Customer Service,102410,Below
700,Cynthia,Singh,54,Male,1970-03-19,2022-01-01,2025-08-10,Customer Service,9714,Meets
701,Allison,Johnson,48,Male,1976-12-08,2018-12-02,2027-03-19,HR,142470,Outstanding
702,Marcus,Miller,31,Male,1993-09-25,2019-08-11,2025-01-07,Customer Service,74763,Below
703,Matthew,Burke,41,Female,1983-04-06,2023-02-02,2026-04-08,IT,129134,Outstanding
704,Kenneth,Thomas,55,Female,1969-05-16,2021-07-06,2026-04-12,HR,113724,Outstanding
705,Sharon,Foster,54,Female,1970-04-13,2021-05-07,2027-05-01,Engineering,184312,Outstanding
706,Nicole,Smith,25,Male,1999-10-22,2020-03-04,2026-05-05,HR,157993,Needs Improvement
707,Brittany,White,59,Male,1965-01-28,2021-07-03,2028-10-09,Customer Service,59836,Exceeds
708,Taylor,Flores,64,Male,1960-07-17,2023-07-11,2026-06-11,Sales,138638,Exceeds
709,James,Martinez,45,Male,1979-05-16,2023-03-04,2027-04-11,Customer Service,91898,Needs Improvement
710,Jason,Campbell,51,Male,1973-08-17,2021-03-02,2027-10-04,Marketing,11684,Exceeds
711,Lauren,Rivera,55,Male,1969-09-30,2021-07-03,2027-12-06,IT,39356,Needs Improvement
712,Erica,Weber,35,Female,1989-12-23,2018-04-12,2028-05-08,Finance,36183,Below
713,David,Brittney,63,Female,1961-03-27,2021-05-11,2027-02-01,Operations,30361,Outstanding
714,Nielsen,Jackson,35,Female,1989-04-01,2022-02-05,2026-06-01,Operations,102081,Outstanding
715,Janice,York,44,Female,1980-06-22,2023-02-03,2026-06-12,Sales,5406,Needs Improvement
716,Michael,Ramos,56,Female,1968-11-15,2022-01-07,2027-07-10,Engineering,123607,Needs Improvement
717,Michael,Clayton,63,Female,1961-02-25,2021-01-12,2027-08-12,Sales,179618,Needs Improvement
718,Jason,Vasquez,25,Male,1999-06-30,2020-02-03,2027-08-11,Finance,53779,Outstanding
719,Steven,Jay,32,Female,1992-11-22,2022-09-02,2027-01-02,HR,107964,Outstanding
720,Brittany,Becker,67,Female,1957-10-11,2023-05-06,2027-02-05,Marketing,80014,Exceeds
721,Marco,Webb,24,Male,2000-03-31,2023-05-02,2027-07-01,Marketing,107065,Outstanding
722,Gregory,Huerta,37,Female,1987-03-02,2020-02-07,2027-06-07,Marketing,185717,Needs Improvement
723,Brittany,Hart,20,Female,2004-01-18,2019-08-10,2027-08-07,IT,166311,Meets
724,Gerald,Benitez,52,Female,1972-12-23,2022-01-04,2025-08-05,Engineering,181380,Below
725,Jennifer,Garza,46,Female,1978-03-08,2020-07-10,2028-06-04,Customer Service,30333,Meets
726,Jessica,Sanders,63,Male,1961-06-29,2021-06-08,2027-09-09,Operations,92209,Outstanding
727,Jennifer,Edwards,18,Male,2006-05-18,2020-01-04,2028-01-11,Engineering,83613,Meets
728,Angela,Berry,24,Male,2000-06-20,2019-03-11,2025-12-08,Sales,198189,Meets
729,Rebecca,Waters,51,Female,1973-12-14,2023-05-08,2026-06-10,Sales,165087,Meets
730,Blake,Gonzalez,66,Male,1958-02-20,2019-02-12,2026-11-01,Customer Service,72833,Needs Improvement
731,Cameron,Hernandez,52,Male,1972-03-26,2020-08-04,2028-03-03,Engineering,13130,Meets
732,Tracie,Davis,51,Male,1973-04-03,2021-11-03,2025-11-12,Marketing,177650,Needs Improvement
733,David,Horne,29,Female,1995-02-13,2019-03-05,2027-07-10,Operations,112533,Needs Improvement
734,Patricia,Hicks,48,Female,1976-05-15,2020-06-07,2028-10-03,Finance,156720,Meets
735,Payne,Bennett,63,Female,1961-10-18,2020-07-01,2026-02-10,Operations,170622,Needs Improvement
736,Erin,William,43,Female,1981-01-14,2021-02-09,2027-08-08,Marketing,174201,Exceeds
737,Beverly,Kerr,24,Male,2000-04-11,2020-05-07,2026-03-08,Sales,96590,Meets
738,Roger,Greene,57,Male,1967-03-16,2019-03-06,2027-10-10,HR,139330,Needs Improvement
739,Meredith,Parker,21,Male,2003-08-23,2023-08-02,2025-12-03,Marketing,97758,Outstanding
740,Steven,Graves,19,Male,2005-12-07,2020-05-03,2026-04-09,Engineering,179957,Exceeds
741,Wolf,Miller,57,Female,1967-08-09,2022-01-12,2026-11-03,Customer Service,171676,Exceeds
742,Jeremy,Duran,19,Female,2005-12-31,2020-01-06,2028-10-12,Customer Service,144490,Needs Improvement
743,Brian,Allen,56,Female,1968-07-02,2022-02-03,2027-08-05,Customer Service,86951,Needs Improvement
744,Carol,Harris,47,Female,1977-09-15,2022-06-02,2027-07-01,Operations,183174,Needs Improvement
745,David,Wyatt,35,Female,1989-01-28,2022-04-08,2026-06-05,Customer Service,39954,Exceeds
746,Angela,Murphy,67,Male,1967-03-15,2021-03-02,2026-11-06,IT,85202,Exceeds
747,Brittany,Jennings,29,Male,1995-11-27,2022-07-12,2027-11-11,IT,56865,Meets
748,Anthony,Flores,26,Female,1998-08-12,2019-03-12,2028-06-08,Engineering,126834,Needs Improvement
749,Curtis,Yu,30,Male,1994-06-03,2021-02-12,2027-07-03,Finance,41357,Needs Improvement
750,William,Smith,67,Male,1957-05-25,2021-05-01,2028-02-06,Operations,132723,Needs Improvement
751,Mallory,Rice,60,Female,1964-05-28,2021-02-06,2027-12-07,IT,7358,Outstanding
752,Jeffery,Durham,23,Female,2001-03-21,2020-03-02,2027-05-07,Marketing,33991,Exceeds
753,Sarah,Gonzalez,35,Male,1989-06-25,2019-02-06,2026-06-05,IT,169440,Outstanding
754,Johnson,Boyd,46,Male,1978-10-23,2020-02-10,2027-09-10,Operations,156760,Below
755,Eric,Peterson,52,Female,1972-12-17,2020-04-10,2027-10-08,Sales,126391,Outstanding
756,Christine,Ward,70,Male,1954-05-31,2023-09-09,2026-10-12,Marketing,176005,Outstanding
757,Joanne,Carter,29,Female,1995-07-16,2023-04-12,2027-01-11,Operations,64089,Needs Improvement
758,Jocelyn,Brown,58,Male,1966-01-05,2021-12-01,2026-07-04,Marketing,179781,Exceeds
759,Michael,Jordan,25,Male,1999-02-19,2020-03-11,2028-01-10,Marketing,105002,Below
760,Steven,Skinner,52,Male,1972-10-12,2023-02-06,2025-09-02,Marketing,53906,Meets
761,Eduardo,Wu,25,Female,1999-06-23,2020-08-10,2028-05-03,HR,7122,Needs Improvement
762,Leslie,Castro,20,Female,2004-11-07,2022-07-01,2027-12-06,Finance,140375,Below
763,Robin,Douglas,24,Male,2000-08-31,2023-08-07,2025-11-04,IT,130297,Needs Improvement
764,Kathryn,Davis,69,Male,1955-10-20,2020-07-10,2026-08-07,Sales,45923,Exceeds
765,Wayne,Martin,50,Male,1974-07-13,2023-03-01,2027-10-06,Engineering,9444,Outstanding
766,April,Smith,59,Female,1965-10-26,2020-09-07,2027-08-07,Marketing,180569,Needs Improvement
767,Lisa,Alvarado,41,Female,1983-07-31,2023-09-03,2025-11-07,Marketing,86201,Below
768,Julie,Higgins,31,Male,1993-02-15,2023-07-01,2027-12-09,Finance,166412,Exceeds
769,Billy,Richard,47,Female,1977-01-11,2023-08-12,2027-09-10,HR,46000,Exceeds
770,Arthur,Bryant,35,Male,1989-05-11,2020-04-09,2026-08-04,IT,107516,Below
771,Shaw,Yates,58,Male,1966-12-15,2022-05-10,2026-11-11,Finance,138609,Meets
772,Andrew,Fischer,22,Female,2002-05-20,2022-04-04,2025-08-01,Engineering,173762,Exceeds
773,Trevor,Ballard,32,Female,1992-12-13,2022-12-03,2027-05-27,Sales,11799,Below
774,Amanda,Hopkins,68,Female,1956-09-02,2023-09-02,2025-03-06,Sales,40012,Meets
775,Bradley,Reyes,38,Female,1986-12-25,2020-10-07,2026-04-09,Sales,35616,Below
776,Lisa,Case,44,Female,1980-08-03,2023-03-08,2025-05-12,Marketing,178295,Meets
777,Scott,Dawn,66,Male,1958-01-18,2023-07-06,2025-10-09,Finance,160136,Below
778,Laura,Cooper,45,Male,1979-09-19,2020-07-10,2027-12-02,Sales,135924,Outstanding
779,Wendy,Gilbert,45,Male,1979-01-15,2020-06-06,2027-09-03,Finance,110634,Needs Improvement
780,Christopher,Hill,23,Male,2001-10-15,2021-10-09,2026-10-02,IT,2920,Meets
781,Kristen,Harrison,30,Female,1994-06-23,2020-03-01,2026-04-08,Engineering,72265,Exceeds
782,Christine,Shelton,32,Female,1992-03-20,2021-03-01,2028-02-04,Engineering,175077,Meets
783,Cynthia,Suzanne,33,Male,1991-07-03,2023-04-05,2027-08-10,IT,64158,Needs Improvement
784,Valerie,Keith,45,Male,1979-03-25,2021-05-02,2026-10-04,Operations,134045,Exceeds
785,Peter,Dennis,58,Male,1966-11-22,2018-12-01,2026-02-13,Customer Service,56992,Exceeds
786,Jose,Gentry,27,Male,1997-10-18,2023-02-10,2025-09-08,Operations,92439,Needs Improvement
787,Tina,Hale,65,Female,1959-08-28,2022-09-09,2026-08-05,Engineering,9890,Outstanding
788,Christopher,Holt,33,Female,1991-01-17,2019-08-06,2026-09-12,HR,183747,Needs Improvement
789,Lacey,Stout,53,Male,1971-11-16,2020-05-04,2027-08-02,HR,8320,Needs Improvement
790,Ronnie,Anderson,48,Female,1976-01-29,2022-04-02,2025-08-02,Finance,56305,Meets
791,Adam,George,61,Female,1963-06-16,2020-03-08,2027-04-10,Operations,139913,Exceeds
792,Amy,Williams,39,Male,1985-02-18,2020-08-12,2027-06-06,Finance,96734,Outstanding
793,Amy,Johnson,24,Female,2000-10-06,2020-11-05,2026-11-12,Finance,61735,Exceeds
794,Cynthia,Jason,28,Female,1996-08-05,2017-03-07,2025-06-15,Engineering,13035,Below
795,Shannon,Cross,35,Female,1989-04-25,2021-12-04,2026-09-02,Finance,186159,Needs Improvement
796,Valerie,Brown,59,Female,1965-08-01,2022-02-03,2027-01-02,IT,132834,Needs Improvement
797,Christopher,Jones,66,Male,1958-04-05,2021-05-03,2027-09-01,Customer Service,172351,Exceeds
798,James,Green,31,Male,1993-03-29,2019-08-06,2027-02-10,Customer Service,94182,Meets
799,Jennifer,Figueroa,63,Male,1961-11-08,2019-05-12,2027-08-02,HR,63898,Outstanding
800,Brenda,Moore,67,Male,1957-01-14,2023-05-03,2027-07-01,HR,3765,Below
801,Karen,Lopez,33,Female,1991-01-11,2022-03-07,2026-05-05,Finance,40835,Needs Improvement
802,Adrian,Hampton,60,Male,1964-01-14,2022-12-04,2027-02-12,Customer Service,41243,Outstanding
803,Robert,Richard,49,Female,1975-07-26,2020-09-02,2026-01-04,IT,168609,Below
804,Gary,Rodriguez,64,Male,1960-09-17,2020-01-03,2028-10-09,IT,6865,Meets
805,James,Davis,23,Male,2001-02-19,2021-03-08,2027-02-04,Marketing,122998,Needs Improvement
806,Melissa,Walters,56,Male,1968-08-31,2021-03-02,2027-09-04,Engineering,145015,Exceeds
807,Michael,Yang,30,Male,1994-12-23,2020-08-08,2027-03-05,IT,11508,Needs Improvement
808,Hannah,Vasquez,69,Female,1955-01-21,2020-12-07,2026-11-02,Finance,102384,Needs Improvement
809,Pamela,Miller,58,Male,1966-12-01,2022-03-04,2026-09-07,Marketing,95403,Below
810,Michelle,Page,43,Female,1981-11-18,2023-12-10,2027-11-05,Finance,78449,Below
811,Justin,Hughes,34,Female,1990-01-30,2020-01-04,2028-05-05,Marketing,110522,Meets
812,Kurt,Barker,55,Female,1969-10-07,2020-08-09,2027-10-03,IT,124181,Exceeds
813,Sabrina,Blevins,37,Male,1987-10-11,2020-02-07,2027-06-12,Engineering,50480,Below
814,Ana,Freeman,48,Male,1976-08-24,2019-01-09,2027-10-08,IT,120042,Exceeds
815,Tracey,Garrett,39,Female,1985-11-30,2020-10-09,2025-06-24,Sales,149763,Meets
816,Joseph,Brown,64,Male,1960-03-30,2022-08-01,2026-09-07,Marketing,73373,Meets
817,Michael,Elliott,22,Female,2002-12-07,2023-08-04,2027-08-09,Marketing,81334,Outstanding
818,Ryan,Ware,52,Female,1972-11-04,2020-09-12,2028-02-08,HR,172725,Needs Improvement
819,Jackson,Torres,35,Male,1989-02-12,2022-12-07,2027-08-04,IT,7567,Needs Improvement
820,Theresa,Harris,30,Female,1994-09-05,2020-05-08,2027-10-05,HR,157338,Meets
821,Scott,Johnson,44,Female,1980-05-12,2021-01-11,2026-10-01,Sales,34059,Meets
822,John,Wilkins,46,Male,1978-01-16,2019-04-08,2027-10-08,IT,115797,Outstanding
823,Vickie,Bowen,41,Female,1983-06-07,2019-01-11,2027-10-02,IT,154722,Exceeds
824,John,Taylor,28,Female,1996-10-08,2021-08-02,2025-10-10,Operations,79522,Below
825,Christian,Smith,50,Male,1974-09-03,2021-02-01,2028-01-10,Finance,127101,Meets
826,Kevin,Anderson,51,Male,1973-09-30,2023-01-04,2027-09-12,Customer Service,63155,Outstanding
827,Veronica,Cook,47,Male,1977-08-07,2021-08-01,2026-02-03,IT,128886,Meets
828,Shaw,Wu,59,Female,1965-08-26,2020-02-08,2028-10-07,IT,149664,Below
829,Hart,Coleman,35,Female,1989-09-06,2023-03-08,2027-04-02,Finance,13076,Below
830,George,Smith,68,Female,1956-06-11,2020-01-08,2027-10-09,Operations,7156,Outstanding
831,Brandon,Warren,34,Male,1990-12-26,2023-02-12,2025-03-12,HR,108433,Exceeds
832,Blake,Acevedo,32,Female,1992-02-20,2022-05-08,2027-07-03,Finance,9629,Below
833,Catherine,Mejia,18,Female,2006-07-26,2019-08-01,2027-11-10,Marketing,33007,Below
834,Bryan,Bauer,32,Male,1992-03-14,2023-06-09,2025-03-07,Sales,78307,Meets
835,Elizabeth,Odom,57,Male,1967-05-11,2023-10-03,2025-07-02,Marketing,159060,Outstanding
836,Melanie,Andersen,52,Male,1972-04-02,2023-12-01,2025-07-10,Engineering,100441,Needs Improvement
837,Alexa,Rosales,50,Male,1974-06-30,2017-11-02,2025-11-28,Marketing,7106,Exceeds
838,Christopher,Christopher,44,Male,1980-03-19,2020-05-02,2026-08-09,Operations,8234,Outstanding
839,Michael,Bradley,34,Male,1990-08-10,2019-03-11,2027-11-13,IT,113425,Below
840,Edward,Mark,44,Male,1980-07-31,2020-02-02,2026-06-09,Marketing,31702,Below
841,Mark,Griffith,56,Female,1968-05-01,2021-09-08,2027-11-02,Sales,117794,Needs Improvement
842,Matthew,Jerome,55,Male,1969-05-09,2019-06-04,2027-07-06,Engineering,110253,Needs Improvement
843,Brian,Preston,42,Male,1982-06-19,2021-08-05,2027-03-03,Finance,9674,Needs Improvement
844,Bailey,Gomez,38,Female,1986-07-15,2021-01-10,2026-02-10,Customer Service,7741,Below
845,Edward,Nichols,39,Female,1985-06-08,2020-03-09,2026-10-02,Sales,86944,Below
846,Tyler,Wood,42,Male,1982-03-26,2022-03-05,2027-01-05,Finance,170862,Outstanding
847,Dennis,Wilson,27,Female,1997-04-08,2023-02-11,2027-12-09,Finance,172848,Below
848,Wanda,Lee,57,Male,1976-03-25,2022-11-01,2026-07-11,Engineering,16609,Outstanding
849,Valerie,Reed,66,Male,1958-04-02,2019-01-09,2027-10-01,IT,198369,Below
850,David,Ruiz,37,Male,1987-03-07,2023-03-06,2026-08-01,Marketing,102282,Exceeds
851,Cody,Brandy,27,Male,1997-01-17,2021-01-12,2025-03-01,Finance,6354,Meets
852,Jennifer,Murray,64,Female,1960-09-14,2018-12-05,2025-04-15,Engineering,66292,Needs Improvement
853,Mary,Brown,40,Female,1984-10-31,2020-05-03,2027-06-11,Finance,189274,Exceeds
854,Robert,Kane,51,Female,1973-01-16,2020-04-05,2027-09-06,Operations,125474,Exceeds
855,Amanda,Floyd,59,Female,1965-06-24,2020-01-05,2025-10-05,Marketing,85590,Meets
856,Kayla,Oneal,38,Male,1986-10-01,2019-08-02,2027-02-05,Sales,188896,Needs Improvement
857,Veronica,Reid,45,Male,1979-08-30,2023-01-07,2026-07-10,Marketing,110103,Meets
858,Lauren,Alexander,31,Female,1993-04-03,2021-05-06,2026-12-03,Operations,62817,Below
859,Henry,Thomas,40,Female,1984-07-04,2021-11-11,2027-12-10,Finance,6936,Exceeds
860,Gerald,Hall,18,Female,2006-03-01,2023-06-10,2027-08-12,Engineering,187403,Below
861,Emily,Sullivan,66,Female,1958-12-04,2021-05-10,2027-08-05,Sales,120465,Outstanding
862,Scott,Beasley,37,Male,1987-05-20,2021-06-01,2026-06-10,IT,59074,Exceeds
863,Edward,West,32,Male,1992-10-15,2019-01-08,2026-04-12,Sales,171948,Outstanding
864,Carol,Becker,52,Female,1972-03-04,2021-06-08,2027-07-06,HR,69929,Needs Improvement
865,Kyle,Joseph,65,Male,1959-06-11,2022-06-01,2027-12-09,HR,122203,Needs Improvement
866,Elizabeth,Sherman,36,Female,1988-09-07,2023-02-09,2027-08-02,IT,8319,Outstanding
867,Stacy,Hancock,50,Male,1974-04-21,2021-04-07,2027-08-05,Engineering,169379,Outstanding
868,Mary,Guzman,37,Male,1987-03-22,2023-05-09,2026-01-07,HR,140764,Exceeds
869,Nicole,Castillo,62,Female,1962-12-19,2021-12-07,2027-01-08,Customer Service,69028,Meets
870,Sheryl,Mason,55,Female,1969-07-12,2019-03-04,2025-09-09,HR,192889,Outstanding
871,Christopher,Hicks,22,Female,2002-08-21,2021-01-08,2026-01-02,HR,165577,Needs Improvement
872,Debra,Debbie,21,Male,2003-08-10,2020-07-09,2027-06-08,IT,161844,Outstanding
873,Larry,Tate,29,Male,1995-12-17,2022-01-08,2026-05-12,Operations,109126,Exceeds
874,Michael,Murphy,35,Female,1989-03-07,2020-08-02,2027-10-09,Operations,145551,Needs Improvement
875,Danny,Valdez,43,Male,1981-09-09,2023-05-06,2027-09-11,Customer Service,57001,Meets
876,John,Gonzales,47,Female,1977-04-19,2022-07-07,2027-08-02,Sales,40986,Meets
877,Barbara,Payne,27,Female,1997-01-21,2020-02-03,2027-03-12,Marketing,150545,Outstanding
878,Thomas,Lopez,32,Female,1992-08-28,2020-04-08,2026-12-09,Engineering,108652,Exceeds
879,Natalie,Obrien,24,Female,2000-10-19,2022-06-01,2027-02-04,Marketing,115419,Exceeds
880,Thomas,Meyer,52,Male,1972-01-28,2023-04-08,2025-08-02,Marketing,128684,Below
881,Jamie,Smith,51,Female,1973-04-22,2021-05-05,2025-07-09,Engineering,45403,Outstanding
882,Daniel,Hunter,47,Male,1977-04-08,2021-05-05,2025-08-09,Marketing,92762,Outstanding
883,Nathan,Davis,58,Male,1966-04-06,2023-09-02,2025-08-08,HR,93551,Exceeds
884,Danielle,Boyer,53,Female,1971-10-28,2019-03-06,2027-12-11,Engineering,174210,Needs Improvement
885,Jennifer,Thomas,37,Male,1987-10-27,2023-09-04,2026-08-10,Marketing,76087,Meets
886,Ian,Murphy,28,Female,1996-11-16,2022-07-10,2027-03-09,HR,176046,Exceeds
887,Danielle,Sweeney,65,Female,1959-07-20,2020-02-01,2025-07-01,Finance,10090,Outstanding
888,Melissa,Miller,30,Female,1994-02-18,2020-02-08,2026-07-12,Customer Service,179236,Below
889,Robert,Long,51,Female,1973-10-12,2023-02-06,2027-07-01,Customer Service,105986,Meets
890,Charles,Bond,21,Female,2003-05-25,2023-02-09,2025-04-02,Operations,33033,Outstanding
891,Brooke,Kim,69,Female,1955-10-24,2020-04-03,2027-06-07,HR,145472,Meets
892,Reginald,Hill,36,Female,1988-02-17,2018-03-03,2026-01-04,Customer Service,82486,Outstanding
893,Ray,Soto,24,Male,2000-04-08,2023-09-03,2025-05-25,Operations,196222,Needs Improvement
894,Sandra,Aguilar,31,Male,1993-05-02,2022-01-01,2027-09-11,Customer Service,68537,Needs Improvement
895,Tonya,Combs,42,Male,1982-05-02,2021-07-05,2025-02-10,Finance,134830,Needs Improvement
896,Brianna,Owen,35,Female,1989-03-01,2023-07-10,2026-01-05,HR,183812,Below
897,Charles,Hayden,62,Female,1962-09-29,2023-01-10,2027-08-09,Sales,191631,Needs Improvement
898,Eric,Johnson,43,Male,1981-05-12,2022-01-12,2025-08-04,Engineering,188894,Meets
899,Zachary,Guzman,55,Female,1969-12-14,2022-09-12,2027-07-12,HR,90802,Needs Improvement
900,Kimberly,Martin,33,Female,1991-06-05,2019-02-12,2025-03-06,Sales,122140,Exceeds
901,Monica,Watkins,61,Female,1963-12-12,2022-08-02,2027-07-10,Marketing,63769,Needs Improvement
902,Michelle,Cain,67,Female,1957-09-22,2020-01-04,2025-11-02,Finance,114256,Outstanding
903,Spencer,Miller,49,Male,1975-01-23,2022-09-04,2027-10-05,Operations,8367,Exceeds
904,Joseph,Evans,39,Male,1985-07-06,2019-01-05,2027-09-06,Customer Service,124520,Needs Improvement
905,Robert,Kim,51,Male,1973-11-13,2023-09-02,2025-01-04,Operations,156278,Needs Improvement
906,Russell,Gardner,31,Male,1993-03-18,2020-02-07,2026-07-07,Finance,83969,Meets
907,Duane,Cameron,20,Male,2004-07-20,2021-04-03,2025-07-11,IT,192164,Needs Improvement
908,Julie,Mitchell,24,Male,2000-09-13,2021-02-11,2026-02-09,IT,147923,Needs Improvement
909,Kyle,Lawson,23,Male,2001-05-05,2023-09-12,2028-06-02,IT,164942,Meets
910,James,Clark,64,Male,1960-09-18,2019-02-12,2026-01-09,Sales,123998,Below
911,Tiffany,Walton,47,Female,1977-05-21,2021-11-10,2027-06-05,Sales,43827,Exceeds
912,Taylor,Young,34,Male,1990-04-05,2021-01-01,2027-02-10,Marketing,160713,Meets
913,Tom,Cox,25,Female,1999-04-30,2020-08-04,2027-01-10,HR,159765,Meets
914,Richard,Baker,33,Female,1991-09-11,2020-09-01,2025-08-02,Marketing,95950,Meets
915,Brenda,Burke,57,Female,1967-03-25,2019-08-09,2027-05-11,HR,68245,Needs Improvement
916,Nicholas,Williamson,43,Female,1981-09-11,2018-06-01,2028-10-15,Marketing,95805,Exceeds
917,Craig,Johnson,61,Male,1963-10-25,2023-01-01,2026-11-04,Customer Service,14545,Meets
918,Devin,Smith,66,Female,1958-11-08,2020-09-07,2027-08-03,HR,104415,Below
919,Michael,Brooks,70,Male,1954-07-22,2020-11-03,2027-12-08,Customer Service,170047,Exceeds
920,Noah,Ward,31,Male,1993-10-27,2022-04-06,2026-04-02,Engineering,155888,Meets
921,Elizabeth,Diaz,70,Male,1954-10-27,2023-02-02,2027-02-07,IT,118632,Meets
922,Marcus,Young,27,Male,1997-10-27,2022-03-08,2027-09-03,Finance,9066,Needs Improvement
923,Ricky,Espinoza,39,Female,1985-09-17,2022-03-05,2025-03-08,HR,8915,Below
924,Marilyn,Pittman,21,Male,2003-08-27,2020-05-07,2025-01-06,Engineering,172493,Meets
925,Rachel,Wallace,18,Male,2006-06-17,2021-02-08,2027-10-12,Customer Service,48562,Below
926,Manuel,Winters,40,Male,1984-10-27,2021-01-12,2025-08-03,Marketing,96953,Exceeds
927,Kelsey,Stephenson,40,Female,1984-07-10,2020-02-03,2028-06-12,Finance,78024,Meets
928,Rebecca,Stevens,34,Female,1990-02-10,2021-01-05,2025-03-10,HR,96634,Below
929,Joy,Myers,66,Male,1958-07-30,2023-03-03,2028-10-12,HR,40405,Outstanding
930,Hannah,Lopez,68,Female,1956-06-28,2020-08-09,2025-07-01,Finance,134510,Meets
931,Christian,Short,64,Male,1960-08-19,2023-02-11,2028-07-05,Sales,175052,Exceeds
932,Christopher,Davidson,55,Female,1969-07-17,2023-07-07,2027-01-09,Finance,99446,Outstanding
933,Stephen,Lewis,62,Male,1962-05-16,2020-01-08,2027-02-11,HR,192511,Needs Improvement
934,Robert,Brown,34,Male,1990-09-10,2023-01-05,2025-03-09,Customer Service,133211,Exceeds
935,Anthony,Doyle,30,Female,1994-01-25,2020-02-09,2027-09-04,Customer Service,147658,Outstanding
936,Nathan,Duncan,70,Male,1954-09-27,2023-03-01,2028-06-03,HR,166079,Meets
937,Michael,Daniel,36,Male,1988-07-15,2022-08-04,2025-04-09,Sales,12607,Needs Improvement
938,Leah,Miller,64,Male,1960-07-26,2020-09-12,2027-03-08,HR,121412,Below
939,James,Grant,70,Female,1954-08-16,2020-03-10,2027-01-02,Marketing,15840,Meets
940,Bernard,Hart,38,Male,1986-12-30,2021-07-09,2026-03-03,IT,93304,Exceeds
941,Hannah,Ayala,26,Male,1998-05-17,2021-02-08,2026-02-28,Engineering,152808,Exceeds
942,Samuel,Kane,37,Male,1987-03-21,2019-04-11,2028-01-13,Finance,136842,Outstanding
943,Julie,Owens,40,Female,1984-09-11,2020-01-04,2027-01-12,Operations,120433,Below
944,Glenn,Lopez,57,Male,1967-09-18,2020-10-12,2028-05-05,Operations,116198,Below
945,James,Caldwell,65,Female,1959-04-23,2017-07-08,2025-12-14,Operations,60949,Exceeds
946,Angela,Williams,63,Female,1961-06-18,2022-01-05,2027-02-03,HR,94784,Outstanding
947,Richard,Willis,52,Male,1972-05-19,2020-07-04,2026-11-06,Sales,109349,Outstanding
948,Andrea,Perry,69,Male,1955-04-27,2021-09-04,2025-07-01,Engineering,42454,Below
949,Jessica,Perez,49,Male,1975-12-28,2021-12-10,2025-09-01,Marketing,180118,Outstanding
950,Megan,Watson,47,Female,1977-11-18,2023-07-02,2028-07-09,IT,181646,Exceeds
951,Tracy,Zamora,35,Male,1989-05-17,2020-08-12,2026-03-02,Marketing,195041,Meets
952,James,Young,62,Female,1962-03-19,2023-01-11,2026-01-08,Sales,192546,Needs Improvement
953,Brian,Reeves,38,Female,1986-09-13,2022-12-08,2028-07-10,Operations,72971,Meets
954,Denise,Ray,39,Male,1985-11-19,2020-02-02,2028-03-12,Sales,97677,Below
955,Heather,Harrell,32,Female,1992-12-17,2020-03-12,2027-03-07,Sales,91527,Outstanding
956,Anthony,Vargas,30,Female,1994-04-16,2021-09-02,2026-06-03,Customer Service,69422,Meets
957,Mark,Jones,18,Female,2006-05-27,2023-11-11,2027-05-07,Engineering,53247,Exceeds
958,Kenneth,Gregory,25,Male,1999-10-10,2022-06-06,2027-03-06,HR,13047,Meets
959,Stanley,Jackson,68,Male,1956-09-14,2020-01-04,2027-02-03,HR,100001,Meets
960,Robertson,Ramos,24,Male,2000-07-20,2021-09-06,2027-12-01,IT,182621,Meets
961,Deborah,Price,57,Female,1967-05-11,2022-09-09,2026-01-07,IT,112564,Below
962,Kathy,Fisher,69,Female,1955-03-18,2021-05-10,2027-01-03,Finance,74638,Outstanding
963,Bethany,Edwards,35,Female,1989-01-10,2022-02-12,2028-07-05,Sales,92191,Below
964,Barbara,Curry,40,Male,1984-03-18,2021-02-08,2027-07-09,Customer Service,85719,Exceeds
965,Zachary,Moore,61,Female,1963-07-16,2021-10-01,2025-01-10,Marketing,123617,Meets
966,William,Caldwell,65,Male,1959-05-18,2022-01-12,2028-04-02,Engineering,131800,Meets
967,Susan,Wyatt,39,Female,1985-07-27,2020-02-06,2026-02-11,Customer Service,113330,Exceeds
968,Kelly,Rodriguez,51,Male,1973-10-11,2021-04-09,2027-02-10,Finance,90407,Outstanding
969,Allison,Ruiz,47,Female,1977-12-18,2021-06-06,2027-05-06,HR,119627,Needs Improvement
970,Rebecca,Beard,39,Female,1985-02-09,2020-02-10,2028-04-12,Operations,11288,Outstanding
971,Julia,Lawson,22,Female,2002-08-04,2022-08-09,2028-01-05,Customer Service,157222,Needs Improvement
972,Jennifer,Williams,18,Male,2006-10-19,2020-12-10,2025-07-28,IT,156997,Below
973,Mendez,Alvarez,53,Female,1971-04-04,2022-03-09,2028-04-08,Marketing,15858,Below
974,Connie,Dixon,34,Female,1990-04-14,2023-04-02,2025-08-07,Sales,56210,Outstanding
975,Frank,Chen,27,Female,1997-07-23,2020-04-12,2028-04-01,IT,128220,Outstanding
976,Theresa,Cruz,20,Female,2004-04-15,2020-02-03,2025-02-11,Sales,59811,Outstanding
977,Kathleen,Cooper,63,Female,1961-04-21,2021-09-09,2027-05-02,Engineering,91643,Meets
978,Michael,Shannon,27,Female,1997-08-11,2023-02-08,2027-07-08,Sales,83161,Exceeds
979,Erica,Hobbs,19,Female,2005-01-09,2020-09-07,2028-10-06,Operations,109432,Outstanding
980,Dominic,Owens,31,Female,1993-08-27,2022-05-10,2026-01-01,Sales,11156,Outstanding
981,Keith,Stephens,42,Male,1982-03-18,2023-08-04,2026-05-08,Marketing,192423,Needs Improvement
982,Kimberly,Mcdonald,44,Female,1980-08-15,2021-03-03,2027-06-03,IT,71911,Below
983,Marisa,Sanders,53,Male,1971-04-20,2023-05-02,2028-03-02,Engineering,14649,Outstanding
984,Tiffany,Hanson,45,Male,1979-06-08,2022-08-06,2027-12-02,IT,48494,Exceeds
985,Max,Campbell,32,Male,1992-12-30,2020-03-02,2025-05-09,Customer Service,14565,Outstanding
986,Thomas,Mendez,55,Female,1969-06-16,2022-03-12,2027-09-12,Sales,144853,Exceeds
987,Jennifer,Friedman,24,Male,2000-09-22,2022-12-06,2026-03-02,HR,40850,Below
988,Sullivan,Morgan,27,Female,1997-01-07,2020-01-01,2025-02-05,Sales,195930,Meets
989,Ethan,Pitts,48,Male,1976-12-14,2023-05-03,2027-10-11,HR,190247,Outstanding
990,Lisa,Lynch,31,Female,1993-09-11,2022-06-07,2027-01-01,Engineering,163636,Meets
991,Elizabeth,Michael,68,Male,1956-03-31,2022-01-08,2025-02-05,Engineering,157486,Needs Improvement
992,Henry,Berry,52,Female,1972-08-16,2019-07-11,2027-04-09,IT,42710,Needs Improvement
993,Alan,Dunn,45,Female,1979-11-10,2023-04-05,2028-03-07,Sales,133615,Exceeds
994,Ralph,Perry,44,Male,1980-01-11,2023-10-11,2028-12-13,Customer Service,158779,Below
995,Jim,Mendoza,30,Female,1994-12-20,2023-02-05,2027-01-10,Finance,32691,Below
996,Heather,Salazar,66,Male,1958-09-03,2022-05-03,2028-02-04,IT,108230,Outstanding
997,Matthew,Lowery,48,Female,1976-04-24,2022-04-12,2027-03-03,Finance,5777,Meets
998,Martin,Danny,63,Male,1961-05-21,2020-01-08,2027-08-09,IT,110772,Needs Improvement
999,Shelby,Mata,19,Male,2005-11-23,2020-05-08,2027-04-09,IT,164747,Exceeds
1000,Vincent,Lambert,48,Female,1950-04-02,2021-02-10,2026-02-12,HR,53803,Exceeds
